ID,target_residue,residue_location,protein_location,PTM_type,ChEBI,RESID
(2-aminosuccinimidyl)acetic acid (Asn-Gly),Asparagine-Glycine.,Amino acid side chain-Amino acid backbone.,Anywhere-Protein core.,nan,nan,AA0441
(2-aminosuccinimidyl)acetic acid (Asp-Gly),Aspartate-Glycine.,Amino acid side chain-Amino acid backbone.,Anywhere-Protein core.,nan,nan,AA0441
(3R)-3-hydroxyarginine,Arginine.,Amino acid side chain.,Anywhere.,Hydroxylation.,78294.0,AA0601
(3R)-3-hydroxyasparagine,Asparagine.,Amino acid side chain.,Anywhere.,Hydroxylation.,141853.0,AA0026
(3R)-3-hydroxyaspartate,Aspartate.,Amino acid side chain.,Anywhere.,Hydroxylation.,141848.0,AA0027
(3S)-3-hydroxyhistidine,Histidine.,Amino acid side chain.,Anywhere.,Hydroxylation.,138021.0,AA0580
"(3R,4R)-3,4-dihydroxyproline",Proline.,Amino acid side chain.,Anywhere.,Hydroxylation.,141805.0,AA0479
"(3R,4R)-4,5-dihydroxyisoleucine",Isoleucine.,Amino acid side chain.,Anywhere.,Hydroxylation.,141826.0,AA0449
"(3R,4S)-3,4-dihydroxyproline",Proline.,Amino acid side chain.,Anywhere.,Hydroxylation.,141803.0,AA0282
"(3R,4S)-4-hydroxyisoleucine",Isoleucine.,Amino acid side chain.,Anywhere.,Hydroxylation.,141844.0,AA0448
(3S)-3-hydroxyasparagine,Asparagine.,Amino acid side chain.,Anywhere.,Hydroxylation.,138107.0,AA0478
(3S)-3-hydroxyaspartate,Aspartate.,Amino acid side chain.,Anywhere.,Hydroxylation.,138111.0,AA0579
(3S)-3-hydroxylysine,Lysine.,Amino acid side chain.,Anywhere.,Hydroxylation.,141492.0,nan
"(3S,4R)-3,4-dihydroxyisoleucine",Isoleucine.,Amino acid side chain.,Anywhere.,Hydroxylation.,141827.0,AA0447
(2S)-4-hydroxyleucine,Leucine.,Amino acid side chain.,Anywhere.,Hydroxylation.,141825.0,AA0442
(4R)-5-hydroxyleucine,Leucine.,Amino acid side chain.,Anywhere.,Hydroxylation.,141824.0,AA0443
"(4R)-4,5-dihydroxyleucine",Leucine.,Amino acid side chain.,Anywhere.,Hydroxylation.,141823.0,AA0445
"(4S)-4,5-dihydroxyleucine",Leucine.,Amino acid side chain.,Anywhere.,Hydroxylation.,141819.0,AA0446
"(Z)-2,3-didehydroaspartate",Aspartate.,Amino acid backbone.,Protein core.,nan,145325.0,nan
"(E)-2,3-didehydrotyrosine",Tyrosine.,Amino acid backbone.,Protein core.,nan,nan,AA0365
"(Z)-2,3-didehydrotyrosine",Tyrosine.,Amino acid backbone.,Protein core.,nan,nan,AA0183
"2,3-didehydrotyrosine",Tyrosine.,Amino acid backbone.,Protein core.,nan,nan,nan
"2,3-didehydroalanine (Cys)",Cysteine.,Amino acid backbone.,Protein core.,nan,90873.0,AA0181
"2,3-didehydroalanine (Ser)",Serine.,Amino acid backbone.,Protein core.,nan,90873.0,AA0181
"2,3-didehydroalanine (Tyr)",Tyrosine.,Amino acid backbone.,Protein core.,nan,90873.0,AA0181
"(E)-2,3-didehydrobutyrine",Threonine.,Amino acid backbone.,Protein core.,nan,nan,AA0547
"(Z)-2,3-didehydrobutyrine",Threonine.,Amino acid backbone.,Protein core.,nan,nan,AA0182
"2,3-didehydrobutyrine",Threonine.,Amino acid backbone.,Protein core.,nan,nan,nan
1-amino-2-propanone,Threonine.,Amino acid backbone.,C-terminal.,nan,nan,AA0486
"""1-histidyl-3-tyrosine (His-Tyr)""",Histidine-Tyrosine.,Amino acid side chain-Amino acid side chain.,Anywhere-Anywhere.,nan,nan,AA0270
1-thioglycine,Glycine.,Amino acid backbone.,Protein core.,nan,nan,AA0265
1-(tryptophan-3-yl)-tryptophan (Trp-Trp) (interchain with W-...),Tryptophan-Tryptophan.,Amino acid side chain-Amino acid side chain.,Anywhere-Anywhere.,nan,nan,AA0544
"""2-(S-cysteinyl)-histidine (Cys-His)""",Cysteine-Histidine.,Amino acid side chain-Amino acid side chain.,Anywhere-Anywhere.,Thioether bond.,nan,AA0109
"""2,4,5-topaquinone""",Tyrosine.,Amino acid side chain.,Anywhere.,TPQ.,79027.0,AA0147
"""2-cysteinyl-6-hydroxytryptophan sulfoxide (Trp-Cys)""",Tryptophan-Cysteine.,Amino acid side chain-Amino acid side chain.,Anywhere-Anywhere.,Thioether bond.,nan,AA0451
2-(3-methylbutanoyl)-5-hydroxyoxazole-4-carbothionic acid (Leu-Cys),Leucine-Cysteine.,Amino acid backbone-Amino acid backbone.,Protein core-Protein core.,nan,nan,AA0550
2-(4-guanidinobutanoyl)-5-hydroxyimidazole-4-carbothionic acid (Arg-Cys),Arginine-Cysteine.,Amino acid backbone-Amino acid backbone.,Protein core-Protein core.,nan,nan,AA0553
2-(S-cysteinyl)pyruvic acid O-phosphothioketal,Cysteine.,Amino acid side chain.,Anywhere.,Pyruvate.,149496.0,AA0391
2-cysteinyl-D-allo-threonine (Cys-Thr),Cysteine-Threonine.,Amino acid side chain-Amino acid backbone.,Anywhere-Protein core.,D-amino acid; Thioether bond.,nan,AA0342
2-cysteinyl-D-phenylalanine (Cys-Phe),Cysteine-Phenylalanine.,Amino acid side chain-Amino acid backbone.,Anywhere-Protein core.,D-amino acid; Thioether bond.,nan,AA0341
2-cysteinyl-L-phenylalanine (Cys-Phe),Cysteine-Phenylalanine.,Amino acid side chain-Amino acid backbone.,Anywhere-Protein core.,Thioether bond.,nan,AA0340
2-(S-cysteinyl)-methionine (Cys-Met),Cysteine-Methionine.,Amino acid side chain-Amino acid backbone.,Anywhere-Protein core.,Thioether bond.,nan,AA0559
2-(cystein-S-ylcarbonyl)-3-methyl-4-(glutam-5-yloxy)methylindole (Glu-Cys),Glutamate-Cysteine.,Amino acid side chain-Amino acid side chain.,Anywhere-Anywhere.,Thioether bond.,nan,AA0488
2-iminomethyl-5-imidazolinone (Gln-Gly),Glutamine-Glycine.,Amino acid backbone-Amino acid backbone.,Protein core-N-terminal.,nan,nan,AA0189
2-iminomethyl-5-imidazolinone (Glu-Gly),Glutamate-Glycine.,Amino acid backbone-Amino acid backbone.,Protein core-N-terminal.,nan,nan,AA0378
2-iminomethyl-5-imidazolinone (Met-Gly),Methionine-Glycine.,Amino acid backbone-Amino acid backbone.,Protein core-N-terminal.,nan,nan,AA0379
2-methylglutamine,Glutamine.,Amino acid backbone.,Protein core.,Methylation.,nan,AA0273
"""2-methylsulfonyltryptophan""",Tryptophan.,Amino acid side chain.,Anywhere.,Methylation.,nan,AA0450
2-oxobutanoic acid,Threonine.,Amino acid backbone.,N-terminal.,nan,149508.0,AA0129
"2-oxo-5,5-dimethylhexanoate",Threonine.,Amino acid backbone.,N-terminal.,nan,149505.0,nan
2-tetrahydro-2-pyridyl-5-imidazolinone (Lys-Gly),Lysine-Glycine.,Amino acid backbone-Amino acid backbone.,Protein core-N-terminal.,nan,nan,AA0382
"""3-(O4-tyrosyl)-valine (Val-Tyr)""",Valine-Tyrosine.,Amino acid side chain-Amino acid side chain.,Anywhere-Anywhere.,nan,nan,AA0490
"""3-(S-cysteinyl)-tyrosine (Cys-Tyr)""",Cysteine-Tyrosine.,Amino acid side chain-Amino acid side chain.,Anywhere-Anywhere.,Thioether bond.,nan,AA0113
3-(S-cysteinyl)-tyrosine (Cys-Tyr),Cysteine-Tyrosine.,Amino acid side chain-Amino acid side chain.,Anywhere-Anywhere.,Thioether bond.,nan,AA0396
"""3-(S-cysteinyl)-tyrosine (Tyr-Cys)""",Tyrosine-Cysteine.,Amino acid side chain-Amino acid side chain.,Anywhere-Anywhere.,Thioether bond.,nan,AA0113
"3,4-dihydroxyarginine",Arginine.,Amino acid side chain.,Anywhere.,Hydroxylation.,141829.0,AA0369
"""3,4-dihydroxyphenylalanine""",Tyrosine.,Amino acid side chain.,Anywhere.,Hydroxylation.,141815.0,AA0146
"""3,4,5-trihydroxyphenylalanine""",Tyrosine.,Amino acid side chain.,Anywhere.,Hydroxylation.,141811.0,AA0263
2-hydroxyproline,Proline.,Amino acid side chain.,Anywhere.,Hydroxylation.,141809.0,AA0602
"3,4-dihydroxyproline",Proline.,Amino acid side chain.,Anywhere.,Hydroxylation.,141832.0,nan
3-cysteinyl-aspartic acid (Cys-Asp),Cysteine-Aspartate.,Amino acid side chain-Amino acid side chain.,Anywhere-Anywhere.,Thioether bond.,nan,AA0314
"""3-farnesyl-2,N2-cyclotryptophan""",Tryptophan.,Amino acid side chain.,Anywhere.,Prenylation.,177368.0,AA0500
"""3-geranyl-2,N2-cyclotryptophan""",Tryptophan.,Amino acid side chain.,Anywhere.,Prenylation.,141127.0,AA0408
"""3-prenyl-2,N2-cyclotryptophan""",Tryptophan.,Amino acid side chain.,Anywhere.,Prenylation.,147338.0,nan
"""3-histidyl-3-tyrosine (His-Tyr)""",Histidine-Tyrosine.,Amino acid side chain-Amino acid side chain.,Anywhere-Anywhere.,nan,nan,AA0250
3-hydroxyasparagine,Asparagine.,Amino acid side chain.,Anywhere.,Hydroxylation.,141828.0,nan
3-hydroxyaspartate,Aspartate.,Amino acid side chain.,Anywhere.,Hydroxylation.,17427.0,nan
3-hydroxyphenylalanine,Phenylalanine.,Amino acid side chain.,Anywhere.,Hydroxylation.,141841.0,AA0462
3-hydroxyproline,Proline.,Amino acid side chain.,Anywhere.,Hydroxylation.,85428.0,AA0029
"3-hydroxypyridine-2,5-dicarboxylic acid (Ser-Cys) (with S-...)",Serine-Cysteine-Serine.,Amino acid backbone-Amino acid backbone-Amino acid backbone.,Protein core-Protein core-Protein core.,nan,nan,AA0540
"3-hydroxypyridine-2,5-dicarboxylic acid (Ser-Ser) (with C-...)",Serine-Serine-Cysteine.,Amino acid backbone-Amino acid backbone-Amino acid backbone.,Protein core-Protein core-Protein core.,nan,nan,AA0540
3-hydroxytryptophan,Tryptophan.,Amino acid side chain.,Anywhere.,Hydroxylation.,141794.0,AA0322
3-hydroxyvaline (Val),Valine.,Amino acid side chain.,Anywhere.,Hydroxylation.,141793.0,AA0463
3-hydroxyvaline (Thr),Threonine.,Amino acid side chain.,Anywhere.,Methylation.,141793.0,nan
3-hydroxy-D-valine,Valine.,Amino acid side chain.,Anywhere.,D-amino acid; Hydroxylation.,149516.0,nan
(3S)-3-methylglutamine,Glutamine.,Amino acid side chain.,Anywhere.,Methylation.,149515.0,nan
3-methylisoleucine,Isoleucine.,Amino acid side chain.,Anywhere.,Methylation.,149510.0,nan
3-methylthioaspartic acid,Aspartate.,Amino acid side chain.,Anywhere.,Methylation.,73599.0,AA0232
3-methylvaline,Valine.,Amino acid side chain.,Anywhere.,Methylation.,149511.0,nan
3-methyl-D-valine,Valine.,Amino acid side chain.,Anywhere.,D-amino acid; Methylation.,149513.0,nan
"""3-nitrotyrosine""",Tyrosine.,Amino acid side chain.,Anywhere.,Nitration.,149694.0,AA0537
3-oxoalanine (Cys),Cysteine.,Amino acid side chain.,Anywhere.,nan,85621.0,AA0185
3-oxoalanine (Ser),Serine.,Amino acid side chain.,Anywhere.,nan,85621.0,AA0185
3-phenyllactic acid,Phenylalanine.,Amino acid backbone.,N-terminal.,nan,nan,AA0128
"""4,5,5-trihydroxyleucine""",Leucine.,Amino acid side chain.,Anywhere.,Hydroxylation.,141818.0,AA0480
"4-(1-hydroxyethyl)-7-isoleucino-2-(threonin-O3-ylcarbonyl)-7,8-dihydroquinolin-8-ol (Ile-Thr)",Isoleucine-Threonine.,Amino acid backbone-Amino acid side chain.,N-terminal-Protein core.,nan,nan,AA0472
"4,5-dihydroxylysine",Lysine.,Amino acid side chain.,Anywhere.,Hydroxylation.,141816.0,AA0370
4-aspartylphosphate,Aspartate.,Amino acid side chain.,Anywhere.,Phosphoprotein.,145811.0,AA0033
4-carboxyglutamate,Glutamate.,Amino acid side chain.,Anywhere.,Gamma-carboxyglutamic acid.,84990.0,AA0032
4-cysteinyl-glutamic acid (Cys-Glu),Cysteine-Glutamate.,Amino acid side chain-Amino acid side chain.,Anywhere-Anywhere.,Thioether bond.,nan,AA0315
"""4-cysteinyl-tryptophylquinone (Cys-Trp)""",Cysteine-Tryptophan.,Amino acid side chain-Amino acid side chain.,Anywhere-Anywhere.,CTQ; Thioether bond.,20252.0,AA0313
4-hydroxyarginine,Arginine.,Amino acid side chain.,Anywhere.,Hydroxylation.,141854.0,AA0215
4-hydroxyglutamate,Glutamate.,Amino acid side chain.,Anywhere.,Hydroxylation.,141845.0,AA0487
4-hydroxylysine,Lysine.,Amino acid side chain.,Anywhere.,Hydroxylation.,141495.0,AA0235
4-hydroxyproline,Proline.,Amino acid side chain.,Anywhere.,Hydroxylation.,61965.0,AA0030
5-(methoxymethyl)thiazole-4-carboxylic acid (Val-Cys),Valine-Cysteine.,Amino acid backbone-Amino acid backbone.,Protein core-Protein core.,Methylation; Thioether bond.,nan,AA0468
"5-amino-piperideine-2,5-dicarboxylic acid (Ser-Cys) (with S-...)",Serine-Cysteine-Serine.,Amino acid backbone-Amino acid backbone-Amino acid backbone.,Protein core-Protein core-Protein core.,nan,nan,AA0471
"5-amino-piperideine-2,5-dicarboxylic acid (Ser-Ser) (with C-...)",Serine-Serine-Cysteine.,Amino acid backbone-Amino acid backbone-Amino acid backbone.,Protein core-Protein core-Protein core.,nan,nan,AA0471
5-glutamyl 2-aminoadipic acid,Glutamate.,Amino acid side chain.,C-terminal.,nan,78503.0,AA0502
5-glutamyl glycerylphosphorylethanolamine,Glutamate.,Amino acid side chain.,Anywhere.,Phosphoprotein.,156066.0,AA0170
5-glutamyl N2-ornithine,Glutamate.,Amino acid side chain.,C-terminal.,Isopeptide bond.,136763.0,nan
5-glutamyl glutamate,Glutamate.,Amino acid side chain.,Anywhere.,Isopeptide bond.,143622.0,AA0612
5-glutamyl glycine,Glutamate.,Amino acid side chain.,Anywhere.,Isopeptide bond.,167890.0,nan
5-glutamyl N2-lysine,Glutamate.,Amino acid side chain.,C-terminal.,Isopeptide bond.,78526.0,AA0505
5-glutamyl polyglycine,Glutamate.,Amino acid side chain.,Anywhere.,Isopeptide bond.,167891.0,AA0201
5-glutamyl polyglutamate,Glutamate.,Amino acid side chain.,Anywhere.,Isopeptide bond.,143623.0,AA0202
5-hydroxy-3-methylproline (Ile),Isoleucine.,Amino acid side chain.,Anywhere.,Hydroxylation; Methylation.,nan,AA0473
5-hydroxylysine,Lysine.,Amino acid side chain.,Anywhere.,Hydroxylation.,141817.0,AA0028
(5R)-5-hydroxylysine,Lysine.,Amino acid side chain.,Anywhere.,Hydroxylation.,133442.0,AA0028
(5S)-5-hydroxylysine,Lysine.,Amino acid side chain.,Anywhere.,Hydroxylation.,141843.0,AA0578
5-imidazolinone (Ala-Gly),Alanine-Glycine.,Amino acid backbone-Amino acid backbone.,C-terminal-N-terminal.,nan,nan,AA0187
5-imidazolinone (Asn-Gly),Asparagine-Glycine.,Amino acid backbone-Amino acid backbone.,C-terminal-N-terminal.,nan,nan,AA0380
5-imidazolinone (Cys-Gly),Cysteine-Glycine.,Amino acid backbone-Amino acid backbone.,C-terminal-N-terminal.,nan,nan,AA0188
5-imidazolinone (Lys-Gly),Lysine-Glycine.,Amino acid backbone-Amino acid backbone.,C-terminal-N-terminal.,nan,nan,AA0381
5-imidazolinone (Ser-Gly),Serine-Glycine.,Amino acid backbone-Amino acid backbone.,C-terminal-N-terminal.,nan,nan,AA0184
5-methylarginine,Arginine.,Amino acid side chain.,Anywhere.,Methylation.,166868.0,AA0272
5-methyloxazole-4-carboxylic acid (Cys-Thr),Cysteine-Threonine.,Amino acid backbone-Amino acid backbone.,Protein core-Protein core.,nan,nan,AA0571
5-methyloxazole-4-carboxylic acid (Ser-Thr),Serine-Threonine.,Amino acid backbone-Amino acid backbone.,Protein core-Protein core.,Methylation.,nan,AA0474
5-methyloxazole-4-carboxylic acid (Thr-Thr),Threonine-Threonine.,Amino acid backbone-Amino acid backbone.,Protein core-Protein core.,nan,nan,AA0572
5-methylthiazole-4-carboxylic acid (Asn-Cys),Asparagine-Cysteine.,Amino acid backbone-Amino acid backbone.,Protein core-Protein core.,Methylation; Thioether bond.,nan,AA0469
5-methyloxazoline-4-carboxylic acid (Ser-Thr),Serine-Threonine.,Amino acid backbone-Amino acid backbone.,Protein core-Protein core.,nan,nan,AA0575
"""5-tyrosyl-5-aminotyrosine (Tyr-Tyr) (interchain with Y-...)""",Tyrosine-Tyrosine.,Amino acid side chain-Amino acid side chain.,Anywhere-Anywhere.,nan,nan,AA0459
"""3-bromotyrosine""",Tyrosine.,Amino acid side chain.,Anywhere.,Bromination.,183512.0,nan
"""6-bromotryptophan""",Tryptophan.,Amino acid side chain.,Anywhere.,Bromination.,61899.0,AA0179
"""5-chlorotryptophan""",Tryptophan.,Amino acid side chain.,Anywhere.,nan,nan,AA0549
6-(S-cysteinyl)-8alpha-(pros-histidyl)-FAD (His-Cys),Histidine-Cysteine.,Amino acid side chain-Amino acid side chain.,Anywhere-Anywhere.,FAD.,nan,AA0436
"""6-chlorotryptophan""",Tryptophan.,Amino acid side chain.,Anywhere.,nan,nan,AA0180
"""7-hydroxytryptophan""",Tryptophan.,Amino acid side chain.,Anywhere.,Hydroxylation.,141831.0,AA0520
ADP-ribosylarginine,Arginine.,Amino acid side chain.,Anywhere.,ADP-ribosylation.,142554.0,AA0168
ADP-riboxanated arginine,Arginine.,Amino acid side chain.,Anywhere.,nan,184300.0,nan
ADP-alpha-D-ribosylarginine,Arginine.,Amino acid side chain.,Anywhere.,ADP-ribosylation.,83960.0,AA0168
ADP-ribosylasparagine,Asparagine.,Amino acid side chain.,Anywhere.,ADP-ribosylation.,142555.0,AA0231
ADP-ribosyl aspartic acid,Aspartate.,Amino acid side chain.,Anywhere.,ADP-ribosylation.,138102.0,nan
ADP-ribosylcysteine,Cysteine.,Amino acid side chain.,Anywhere.,ADP-ribosylation.,140607.0,AA0169
ADP-ribosyldiphthamide,Histidine.,Amino acid side chain.,Anywhere.,ADP-ribosylation.,82697.0,nan
ADP-ribosyl glutamic acid,Glutamate.,Amino acid side chain.,Anywhere.,ADP-ribosylation.,142540.0,nan
ADP-ribosylglycine,Glycine.,Amino acid backbone.,C-terminal.,ADP-ribosylation.,142558.0,nan
ADP-ribosylhistidine,Histidine.,Amino acid side chain.,Anywhere.,ADP-ribosylation.,191398.0,nan
ADP-ribosylserine,Serine.,Amino acid side chain.,Anywhere.,ADP-ribosylation.,142556.0,AA0237
ADP-ribosylthreonine,Threonine.,Amino acid side chain.,Anywhere.,ADP-ribosylation.,192363.0,AA0519
ADP-ribosyltyrosine,Tyrosine.,Amino acid side chain.,Anywhere.,ADP-ribosylation.,142557.0,nan
Alanine amide,Alanine.,Amino acid backbone.,C-terminal.,Amidation.,145896.0,AA0081
Alanine derivative,Alanine.,nan,nan,nan,nan,nan
Alanine isoaspartyl cyclopeptide (Ala-Asn),Alanine-Asparagine.,Amino acid backbone-Amino acid side chain.,N-terminal-Protein core.,nan,nan,AA0515
Allysine,Lysine.,Amino acid side chain.,Anywhere.,nan,131803.0,AA0121
Aminomalonic acid (Ser),Serine.,Amino acid side chain.,Anywhere.,nan,nan,AA0458
Arginine amide,Arginine.,Amino acid backbone.,C-terminal.,Amidation.,145897.0,AA0082
Arginine derivative,Arginine.,nan,nan,nan,nan,nan
Asparagine amide,Asparagine.,Amino acid backbone.,C-terminal.,Amidation.,145898.0,AA0083
Aspartate methyl ester,Aspartate.,Amino acid side chain.,Anywhere.,Methylation.,197389.0,AA0435
Aspartate 1-(chondroitin 4-sulfate)-ester,Aspartate.,Amino acid backbone.,C-terminal.,Proteoglycan.,nan,AA0219
"""Aspartic acid 1-(3-aminopropyl)(5-adenosyl)phosphonoamide""",Asparagine.,Amino acid backbone.,C-terminal.,Phosphoprotein.,nan,AA0328
Aspartic acid 1-amide,Aspartate.,Amino acid backbone.,C-terminal.,Amidation.,145899.0,AA0084
Aspartyl aldehyde,Aspartate.,Amino acid side chain.,Anywhere.,nan,nan,AA0373
Isoaspartyl glycine isopeptide (Asn-Gly),Asparagine-Glycine.,Amino acid side chain-Amino acid backbone.,Anywhere-Anywhere.,Isopeptide bond.,nan,AA0126
Isoaspartyl glycine isopeptide (Asp-Gly),Aspartate-Glycine.,Amino acid side chain-Amino acid backbone.,Anywhere-Anywhere.,Isopeptide bond.,nan,AA0126
Isoaspartyl glycine isopeptide (Gly-Asp),Glycine-Aspartate.,Amino acid backbone-Amino acid side chain.,N-terminal-Anywhere.,Isopeptide bond.,nan,AA0126
Asymmetric dimethylarginine,Arginine.,Amino acid side chain.,Anywhere.,Methylation.,61897.0,AA0068
Beta-decarboxylated aspartate,Aspartate.,Amino acid side chain.,Anywhere.,nan,nan,AA0001
Beta-methyllanthionine (Cys-Thr),Cysteine-Threonine.,Amino acid side chain-Amino acid side chain.,Anywhere-Anywhere.,Thioether bond.,nan,AA0112
Beta-methyllanthionine (Thr-Cys),Threonine-Cysteine.,Amino acid side chain-Amino acid side chain.,Anywhere-Anywhere.,Thioether bond.,nan,AA0112
Beta-methyllanthionine sulfoxide (Thr-Cys),Threonine-Cysteine.,Amino acid side chain-Amino acid side chain.,Anywhere-Anywhere.,nan,nan,AA0330
Blocked amino end (Ala),Alanine.,nan,nan,nan,nan,nan
Blocked amino end (Arg),Arginine.,nan,nan,nan,nan,nan
Blocked amino end (Asn),Asparagine.,nan,nan,nan,nan,nan
Blocked amino end (Asp),Aspartate.,nan,nan,nan,nan,nan
Blocked amino end (Asx),Asparagine or Aspartate.,nan,nan,nan,nan,nan
Blocked amino end (Cys),Cysteine.,nan,nan,nan,nan,nan
Blocked amino end (Gln),Glutamine.,nan,nan,nan,nan,nan
Blocked amino end (Glu),Glutamate.,nan,nan,nan,nan,nan
Blocked amino end (Gly),Glycine.,nan,nan,nan,nan,nan
Blocked amino end (Ile),Isoleucine.,nan,nan,nan,nan,nan
Blocked amino end (Leu),Leucine.,nan,nan,nan,nan,nan
Blocked amino end (Met),Methionine.,nan,nan,nan,nan,nan
Blocked amino end (Pro),Proline.,nan,nan,nan,nan,nan
Blocked amino end (Ser),Serine.,nan,nan,nan,nan,nan
Blocked amino end (Thr),Threonine.,nan,nan,nan,nan,nan
Blocked amino end (Val),Valine.,nan,nan,nan,nan,nan
Blocked amino end (Xaa),Undefined.,nan,nan,nan,nan,nan
Blocked carboxyl end (Arg),Arginine.,nan,nan,nan,nan,nan
Blocked carboxyl end (His),Histidine.,nan,nan,nan,nan,nan
Bromohistidine,Histidine.,Amino acid side chain.,Anywhere.,Bromination.,nan,AA0173
Cholesterol glycine ester,Glycine.,Amino acid backbone.,C-terminal.,Lipoprotein.,143135.0,AA0309
"Cis-14-hydroxy-10,13-dioxo-7-heptadecenoic acid aspartate ester",Aspartate.,Amino acid side chain.,Anywhere.,Lipoprotein.,nan,AA0316
Citrulline,Arginine.,Amino acid side chain.,Anywhere.,Citrullination.,83397.0,AA0214
Cyclo(prolylserin)-O-yl cysteinate,Cysteine.,Amino acid backbone.,C-terminal.,nan,nan,nan
Cyclopeptide (Ala-Arg),Alanine-Arginine.,Amino acid backbone-Amino acid backbone.,N-terminal-C-terminal.,nan,nan,nan
Cyclopeptide (Ala-Ile),Alanine-Isoleucine.,Amino acid backbone-Amino acid backbone.,N-terminal-C-terminal.,nan,nan,nan
Cyclopeptide (Ala-Pro),Alanine-Proline.,Amino acid backbone-Amino acid backbone.,N-terminal-C-terminal.,nan,nan,nan
Cyclopeptide (Arg-Cys) (interchain with C-...),Arginine-Cysteine.,Amino acid backbone-Amino acid backbone.,N-terminal-C-terminal.,nan,nan,nan
Cyclopeptide (Asn-Gly),Asparagine-Glycine.,Amino acid backbone-Amino acid backbone.,N-terminal-C-terminal.,nan,nan,nan
Cyclopeptide (Asp-Asn),Aspartate-Asparagine.,Amino acid backbone-Amino acid backbone.,N-terminal-C-terminal.,nan,nan,nan
Cyclopeptide (Cys-Arg) (interchain with R-...),Cysteine-Arginine.,Amino acid backbone-Amino acid backbone.,C-terminal-N-terminal.,nan,nan,nan
Cyclopeptide (Cys-Ile),Cysteine-Isoleucine.,Amino acid backbone-Amino acid backbone.,N-terminal-C-terminal.,nan,nan,nan
Cyclopeptide (Cys-Pro),Cysteine-Proline.,Amino acid backbone-Amino acid backbone.,N-terminal-C-terminal.,nan,nan,nan
Cyclopeptide (Glu-Asn),Glutamate-Asparagine.,Amino acid backbone-Amino acid backbone.,N-terminal-C-terminal.,nan,nan,nan
Cyclopeptide (Gly-Arg),Glycine-Arginine.,Amino acid backbone-Amino acid backbone.,N-terminal-C-terminal.,nan,nan,nan
Cyclopeptide (Gly-Asn),Glycine-Asparagine.,Amino acid backbone-Amino acid backbone.,N-terminal-C-terminal.,nan,nan,nan
Cyclopeptide (Gly-Asp),Glycine-Aspartate.,Amino acid backbone-Amino acid backbone.,N-terminal-C-terminal.,nan,nan,nan
Cyclopeptide (Gly-Pro),Glycine-Proline.,Amino acid backbone-Amino acid backbone.,N-terminal-C-terminal.,nan,nan,nan
Cyclopeptide (His-Asn),Histidine-Asparagine.,Amino acid backbone-Amino acid backbone.,N-terminal-C-terminal.,nan,nan,nan
Cyclopeptide (His-Asp),Histidine-Aspartate.,Amino acid backbone-Amino acid backbone.,N-terminal-C-terminal.,nan,nan,nan
Cyclopeptide (His-Pro),Histidine-Proline.,Amino acid backbone-Amino acid backbone.,N-terminal-C-terminal.,nan,nan,nan
Cyclopeptide (Ile-Lys),Isoleucine-Lysine.,Amino acid backbone-Amino acid backbone.,N-terminal-C-terminal.,nan,nan,nan
Cyclopeptide (Ile-Pro),Isoleucine-Proline.,Amino acid backbone-Amino acid backbone.,N-terminal-C-terminal.,nan,nan,nan
Cyclopeptide (Leu-Leu),Leucine-Leucine.,Amino acid backbone-Amino acid backbone.,N-terminal-C-terminal.,nan,nan,nan
Cyclopeptide (Leu-Pro),Leucine-Proline.,Amino acid backbone-Amino acid backbone.,N-terminal-C-terminal.,nan,nan,nan
Cyclopeptide (Leu-Trp),Leucine-Tryptophan.,Amino acid backbone-Amino acid backbone.,N-terminal-C-terminal.,nan,nan,nan
Cyclopeptide (Lys-Asp),Lysine-Aspartate.,Amino acid backbone-Amino acid backbone.,N-terminal-C-terminal.,nan,nan,nan
Cyclopeptide (Met-Pro),Methionine-Proline.,Amino acid backbone-Amino acid backbone.,N-terminal-C-terminal.,nan,nan,nan
Cyclopeptide (Phe-Pro),Phenylalanine-Proline.,Amino acid backbone-Amino acid backbone.,N-terminal-C-terminal.,nan,nan,nan
Cyclopeptide (Pro-Met),Proline-Methionine.,Amino acid backbone-Amino acid backbone.,N-terminal-C-terminal.,nan,nan,nan
Cyclopeptide (Pro-Tyr),Proline-Tyrosine.,Amino acid backbone-Amino acid backbone.,N-terminal-C-terminal.,nan,nan,nan
Cyclopeptide (Ser-Asn),Serine-Asparagine.,Amino acid backbone-Amino acid backbone.,N-terminal-C-terminal.,nan,nan,nan
Cyclopeptide (Ser-Gly),Serine-Glycine.,Amino acid backbone-Amino acid backbone.,N-terminal-C-terminal.,nan,nan,nan
Cyclopeptide (Ser-Lys),Serine-Lysine.,Amino acid backbone-Amino acid backbone.,N-terminal-C-terminal.,nan,nan,nan
Cyclopeptide (Ser-Pro),Serine-Proline.,Amino acid backbone-Amino acid backbone.,N-terminal-C-terminal.,nan,nan,nan
Cyclopeptide (Trp-Pro),Tryptophan-Proline.,Amino acid backbone-Amino acid backbone.,N-terminal-C-terminal.,nan,nan,nan
Cyclopeptide (Tyr-Pro),Tyrosine-Proline.,Amino acid backbone-Amino acid backbone.,N-terminal-C-terminal.,nan,nan,nan
Cyclopeptide (Val-Pro),Valine-Proline.,Amino acid backbone-Amino acid backbone.,N-terminal-C-terminal.,nan,nan,nan
CysO-cysteine adduct,Glycine.,Amino acid backbone.,C-terminal.,nan,nan,AA0529
Cysteine amide,Cysteine.,Amino acid backbone.,C-terminal.,Amidation.,145900.0,AA0085
Cysteine derivative,Cysteine.,nan,nan,nan,nan,nan
Cysteine methyl disulfide,Cysteine.,Amino acid side chain.,Anywhere.,Methylation.,nan,AA0101
Cysteine methyl ester,Cysteine.,Amino acid backbone.,C-terminal.,Methylation.,61989.0,AA0105
Cysteine persulfide,Cysteine.,Amino acid side chain.,Anywhere.,nan,61963.0,AA0269
Cysteine sulfenic acid (-SOH),Cysteine.,Amino acid side chain.,Anywhere.,Oxidation.,61973.0,AA0205
Cysteine sulfinic acid (-SO2H),Cysteine.,Amino acid side chain.,Anywhere.,Oxidation.,61974.0,AA0262
Cysteine sulfonic acid (-SO3H),Cysteine.,Amino acid side chain.,Anywhere.,Oxidation.,141830.0,AA0556
Cysteinyl-selenocysteine (Cys-Sec),Cysteine-Selenocysteine.,Amino acid side chain-Amino acid side chain.,Anywhere-Anywhere.,Selenocysteine.,nan,AA0358
Cysteinyl-selenocysteine (Sec-Cys),Selenocysteine-Cysteine.,Amino acid side chain-Amino acid side chain.,Anywhere-Anywhere.,Selenocysteine.,nan,AA0358
D-4-hydroxyvaline,Valine.,Amino acid backbone.,Protein core.,D-amino acid; Hydroxylation.,141792.0,AA0388
D-alanine (Ala),Alanine.,Amino acid backbone.,Protein core.,D-amino acid.,29949.0,AA0191
D-alanine (Ser),Serine.,Amino acid backbone.,Protein core.,D-amino acid.,29949.0,AA0191
D-allo-isoleucine,Isoleucine.,Amino acid backbone.,Protein core.,D-amino acid.,30007.0,AA0192
D-asparagine,Asparagine.,Amino acid backbone.,Protein core.,D-amino acid.,50349.0,AA0196
Deamidated asparagine,Asparagine.,Amino acid side chain.,Anywhere.,nan,29961.0,AA0004
Deamidated glutamine,Glutamine.,Amino acid side chain.,Anywhere.,nan,29973.0,AA0006
Decarboxylated threonine,Threonine.,Amino acid backbone.,C-terminal.,nan,nan,AA0465
Dimethylated arginine,Arginine.,Amino acid side chain.,Anywhere.,Methylation.,nan,nan
Diphosphoserine,Serine.,Amino acid side chain.,Anywhere.,Phosphoprotein.,149682.0,nan
Diphosphothreonine,Threonine.,Amino acid side chain.,Anywhere.,Phosphoprotein.,149684.0,nan
Diphthamide,Histidine.,Amino acid side chain.,Anywhere.,nan,16692.0,AA0040
D-leucine,Leucine.,Amino acid backbone.,Protein core.,D-amino acid.,30005.0,AA0197
D-methionine,Methionine.,Amino acid backbone.,Protein core.,D-amino acid.,29984.0,AA0193
D-phenylalanine,Phenylalanine.,Amino acid backbone.,Protein core.,D-amino acid.,29996.0,AA0194
D-serine (Cys),Cysteine.,Amino acid backbone.,Protein core.,D-amino acid.,29998.0,AA0195
D-serine (Ser),Serine.,Amino acid backbone.,Protein core.,D-amino acid.,29998.0,AA0195
D-threonine,Threonine.,Amino acid backbone.,Protein core.,D-amino acid.,30014.0,AA0199
D-tryptophan,Tryptophan.,Amino acid backbone.,Protein core.,D-amino acid.,29955.0,AA0198
D-valine,Valine.,Amino acid backbone.,Protein core.,D-amino acid.,50328.0,AA0200
FMN phosphoryl serine,Serine.,Amino acid side chain.,Anywhere.,FMN; Phosphoprotein.,156050.0,AA0350
FMN phosphoryl threonine,Threonine.,Amino acid side chain.,Anywhere.,FMN; Phosphoprotein.,74257.0,AA0349
Glutamate methyl ester (Gln),Glutamine.,Amino acid side chain.,Anywhere.,Methylation.,82795.0,AA0072
Glutamate methyl ester (Glu),Glutamate.,Amino acid side chain.,Anywhere.,Methylation.,82795.0,AA0072
Glutamic acid 1-amide,Glutamate.,Amino acid backbone.,C-terminal.,Amidation.,145903.0,AA0087
Isoglutamyl lysine isopeptide (Glu-Lys) (interchain with K-...),Glutamate-Lysine.,Amino acid side chain-Amino acid side chain.,Anywhere-Anywhere.,Isopeptide bond.,138370.0,AA0124
Isoglutamyl lysine isopeptide (Lys-Glu) (interchain with E-...),Lysine-Glutamate.,Amino acid side chain-Amino acid side chain.,Anywhere-Anywhere.,Isopeptide bond.,138370.0,AA0124
Glutamine amide,Glutamine.,Amino acid backbone.,C-terminal.,Amidation.,145904.0,AA0086
Glutamine derivative,Glutamine.,nan,nan,nan,nan,nan
Glycine amide,Glycine.,Amino acid backbone.,C-terminal.,Amidation.,145906.0,AA0088
Glycine radical,Glycine.,Amino acid side chain.,Anywhere.,Organic radical.,32722.0,AA0008
Glycyl adenylate,Glycine.,Amino acid backbone.,C-terminal.,Nucleotide-binding; Phosphoprotein.,83151.0,AA0511
Glycyl cysteine dithioester (Cys-Gly) (interchain with G-...),Cysteine-Glycine.,Amino acid side chain-Amino acid backbone.,Anywhere-C-terminal.,Thioester bond.,nan,AA0512
Glycyl cysteine dithioester (Gly-Cys) (interchain with C-...),Glycine-Cysteine.,Amino acid backbone-Amino acid side chain.,C-terminal-Anywhere.,Thioester bond.,nan,AA0512
Glycyl cysteine thioester (Cys-Gly) (interchain with G-...),Cysteine-Glycine.,Amino acid side chain-Amino acid backbone.,Anywhere-C-terminal.,Thioester bond.,nan,AA0206
Glycyl cysteine thioester (Gly-Cys) (interchain with C-...),Glycine-Cysteine.,Amino acid backbone-Amino acid side chain.,C-terminal-Anywhere.,Thioester bond.,nan,nan
Glycyl lysine isopeptide (Gly-Lys) (interchain with K-...),Glycine-Lysine.,Amino acid backbone-Amino acid side chain.,C-terminal-Anywhere.,Isopeptide bond.,nan,AA0125
Glycyl lysine isopeptide (Lys-Gly) (interchain with G-...),Lysine-Glycine.,Amino acid side chain-Amino acid backbone.,Anywhere-C-terminal.,Isopeptide bond.,nan,AA0125
Glycyl serine ester (Ser-Gly) (interchain with G-...),Serine-Glycine.,Amino acid side chain-Amino acid backbone.,Anywhere-C-terminal.,nan,nan,AA0495
Glycyl serine ester (Gly-Ser) (interchain with S-...),Glycine-Serine.,Amino acid backbone-Amino acid side chain.,C-terminal-Anywhere.,nan,nan,AA0495
Glycyl threonine ester (Thr-Gly) (interchain with G-...),Threonine-Glycine.,Amino acid side chain-Amino acid backbone.,Anywhere-C-terminal.,nan,nan,AA0496
Glycyl threonine ester (Gly-Thr) (interchain with T-...),Glycine-Threonine.,Amino acid backbone-Amino acid side chain.,C-terminal-Anywhere.,nan,nan,AA0496
GPI-anchor amidated alanine,Alanine.,Amino acid backbone.,C-terminal.,GPI-anchor.,143785.0,AA0163
GPI-anchor amidated asparagine,Asparagine.,Amino acid backbone.,C-terminal.,GPI-anchor.,143786.0,AA0158
GPI-anchor amidated aspartate,Aspartate.,Amino acid backbone.,C-terminal.,GPI-anchor.,143787.0,AA0159
GPI-anchor amidated carboxyl end,Undefined.,Amino acid backbone.,C-terminal.,GPI-anchor.,143797.0,nan
GPI-anchor amidated cysteine,Cysteine.,Amino acid backbone.,C-terminal.,GPI-anchor.,143798.0,AA0160
GPI-anchor amidated glycine,Glycine.,Amino acid backbone.,C-terminal.,GPI-anchor.,143799.0,AA0161
GPI-anchor amidated serine,Serine.,Amino acid backbone.,C-terminal.,GPI-anchor.,143800.0,AA0162
GPI-anchor amidated threonine,Threonine.,Amino acid backbone.,C-terminal.,GPI-anchor.,143801.0,AA0164
GPI-like-anchor amidated alanine,Alanine.,Amino acid backbone.,C-terminal.,GPI-anchor.,143804.0,AA0424
GPI-like-anchor amidated asparagine,Asparagine.,Amino acid backbone.,C-terminal.,GPI-anchor.,143802.0,AA0425
GPI-like-anchor amidated aspartate,Aspartate.,Amino acid backbone.,C-terminal.,GPI-anchor.,143803.0,AA0439
GPI-like-anchor amidated glycine,Glycine.,Amino acid backbone.,C-terminal.,GPI-anchor.,143805.0,AA0165
GPI-like-anchor amidated serine,Serine.,Amino acid backbone.,C-terminal.,GPI-anchor.,143806.0,AA0166
Histidine amide,Histidine.,Amino acid backbone.,C-terminal.,Amidation.,145909.0,AA0089
Hydroxyarginine,Arginine.,Amino acid side chain.,Anywhere.,Hydroxylation.,141997.0,nan
Hydroxyproline,Proline.,Amino acid side chain.,Anywhere.,Hydroxylation.,141993.0,nan
Hypusine,Lysine.,Amino acid side chain.,Anywhere.,Hypusine.,91175.0,AA0116
Deoxyhypusine,Lysine.,Amino acid side chain.,Anywhere.,nan,82657.0,AA0564
Iodotyrosine,Tyrosine.,Amino acid side chain.,Anywhere.,Iodination.,90870.0,AA0509
Diiodotyrosine,Tyrosine.,Amino acid side chain.,Anywhere.,Iodination.,90871.0,AA0510
Triiodothyronine,Tyrosine.,Amino acid side chain.,Anywhere.,Iodination.,90874.0,AA0177
Thyroxine,Tyrosine.,Amino acid side chain.,Anywhere.,Iodination.,90872.0,AA0178
Isoaspartyl cysteine isopeptide (Cys-Asn),Cysteine-Asparagine.,Amino acid backbone-Amino acid side chain.,N-terminal-Anywhere.,Isopeptide bond.,nan,AA0216
Isoaspartyl glycine isopeptide (Gly-Asn),Glycine-Asparagine.,Amino acid backbone-Amino acid side chain.,N-terminal-Anywhere.,Isopeptide bond.,nan,AA0126
Isoaspartyl lysine isopeptide (Asn-Lys) (interchain with K-...),Asparagine-Lysine.,Amino acid side chain-Amino acid side chain.,Anywhere-Anywhere.,Isopeptide bond.,nan,AA0294
Isoaspartyl lysine isopeptide (Lys-Asn),Lysine-Asparagine.,Amino acid side chain-Amino acid side chain.,Anywhere-Anywhere.,Isopeptide bond.,nan,AA0294
Isoaspartyl lysine isopeptide (Lys-Asn) (interchain with N-...),Lysine-Asparagine.,Amino acid side chain-Amino acid side chain.,Anywhere-Anywhere.,Isopeptide bond.,nan,AA0294
Isoaspartyl lysine isopeptide (Lys-Asp),Lysine-Aspartate.,Amino acid side chain-Amino acid side chain.,Anywhere-Anywhere.,Isopeptide bond.,nan,AA0294
Dityrosine (Tyr-Tyr) (interchain with Y-...),Tyrosine-Tyrosine.,Amino acid side chain-Amino acid side chain.,Anywhere-Anywhere.,nan,nan,AA0367
Isodityrosine (Tyr-Tyr),Tyrosine-Tyrosine.,Amino acid side chain-Amino acid side chain.,Anywhere-Anywhere.,nan,nan,AA0368
Isoglutamyl cysteine thioester (Cys-Gln),Cysteine-Glutamine.,Amino acid side chain-Amino acid side chain.,Anywhere-Anywhere.,Thioester bond.,nan,AA0108
Isoglutamyl glycine isopeptide (Gly-Glu),Glycine-Glutamate.,Amino acid backbone-Amino acid side chain.,N-terminal-Anywhere.,Isopeptide bond.,nan,AA0360
Isoglutamyl lysine isopeptide (Gln-Lys) (interchain with K-...),Glutamine-Lysine.,Amino acid side chain-Amino acid side chain.,Anywhere-Anywhere.,Isopeptide bond.,138370.0,AA0124
Isoglutamyl lysine isopeptide (Lys-Gln),Lysine-Glutamine.,Amino acid side chain-Amino acid side chain.,Anywhere-Anywhere.,Isopeptide bond.,138370.0,AA0124
Isoglutamyl lysine isopeptide (Lys-Gln) (interchain with Q-...),Lysine-Glutamine.,Amino acid side chain-Amino acid side chain.,Anywhere-Anywhere.,Isopeptide bond.,138370.0,AA0124
Isoleucine amide,Isoleucine.,Amino acid backbone.,C-terminal.,Amidation.,145910.0,AA0090
Isoleucine derivative,Isoleucine.,nan,nan,nan,nan,nan
L-allo-isoleucine,Isoleucine.,Amino acid backbone.,Protein core.,nan,30008.0,AA0546
D-lactate,Serine.,Amino acid backbone.,N-terminal.,nan,149487.0,AA0186
Lanthionine (Cys-Ser),Cysteine-Serine.,Amino acid side chain-Amino acid side chain.,Anywhere-Anywhere.,Thioether bond.,nan,AA0110
Lanthionine (Ser-Cys),Serine-Cysteine.,Amino acid side chain-Amino acid side chain.,Anywhere-Anywhere.,Thioether bond.,nan,AA0110
Leucine amide,Leucine.,Amino acid backbone.,C-terminal.,Amidation.,145812.0,AA0091
Leucine methyl ester,Leucine.,Amino acid backbone.,C-terminal.,Methylation.,nan,AA0299
Lysine amide,Lysine.,Amino acid backbone.,C-terminal.,Amidation.,145912.0,AA0092
Lysine derivative,Lysine.,nan,nan,nan,nan,nan
Lysine methyl ester,Lysine.,Amino acid backbone.,C-terminal.,Methylation.,nan,AA0318
Lysine tyrosylquinone (Lys-Tyr),Lysine-Tyrosine.,Amino acid side chain-Amino acid side chain.,Anywhere-Anywhere.,LTQ.,nan,AA0233
Lysine tyrosylquinone (Tyr-Lys),Tyrosine-Lysine.,Amino acid side chain-Amino acid side chain.,Anywhere-Anywhere.,LTQ.,nan,AA0233
Lysino-D-alanine (Lys),Lysine.,Amino acid side chain.,Anywhere.,nan,nan,AA0123
Lysinoalanine (Ser-Lys),Serine-Lysine.,Amino acid side chain-Amino acid side chain.,Anywhere-Anywhere.,nan,nan,AA0123
Methionine amide,Methionine.,Amino acid backbone.,C-terminal.,Amidation.,145913.0,AA0093
Methionine derivative,Methionine.,nan,nan,nan,nan,nan
Methionine sulfone,Methionine.,Amino acid side chain.,Anywhere.,Oxidation.,156065.0,AA0251
Methionine (R)-sulfoxide,Methionine.,Amino acid side chain.,Anywhere.,Oxidation.,45764.0,AA0581
Methionine (S)-sulfoxide,Methionine.,Amino acid side chain.,Anywhere.,Oxidation.,44120.0,nan
Methionine sulfoxide,Methionine.,Amino acid side chain.,Anywhere.,Oxidation.,15989.0,nan
(4R)-5-oxoleucine,Leucine.,Amino acid side chain.,Anywhere.,Oxidation.,nan,AA0444
Methylhistidine,Histidine.,Amino acid side chain.,Anywhere.,Methylation.,nan,nan
Murein peptidoglycan amidated serine,Serine.,Amino acid backbone.,C-terminal.,Peptidoglycan-anchor.,nan,nan
"N,N-(cysteine-1,S-diyl)phenylalanine (Cys-Phe)",Cysteine-Phenylalanine.,Amino acid side chain-Amino acid backbone.,Anywhere-Protein core.,nan,nan,AA0562
"N,N-(cysteine-1,S-diyl)serine (Cys-Ser)",Cysteine-Serine.,Amino acid side chain-Amino acid backbone.,Anywhere-Protein core.,nan,nan,AA0344
"N,N,N-trimethylalanine",Alanine.,Amino acid backbone.,N-terminal.,Methylation.,nan,AA0062
"N,N,N-trimethylglycine",Glycine.,Amino acid backbone.,N-terminal.,Methylation.,nan,AA0619
"N,N,N-trimethylmethionine",Methionine.,Amino acid backbone.,N-terminal.,Methylation.,nan,AA0456
"N,N,N-trimethylserine",Serine.,Amino acid backbone.,N-terminal.,Methylation.,nan,AA0535
"N,N-dimethylalanine",Alanine.,Amino acid backbone.,N-terminal.,Methylation.,nan,AA0433
"N,N-dimethylglycine",Glycine.,Amino acid backbone.,N-terminal.,Methylation.,nan,AA0620
"N,N-dimethylleucine",Leucine.,Amino acid backbone.,N-terminal.,Methylation.,nan,AA0538
"N,N-dimethylproline",Proline.,Amino acid backbone.,N-terminal.,Methylation.,145671.0,AA0066
"N,N-dimethylserine",Serine.,Amino acid backbone.,N-terminal.,Methylation.,nan,AA0534
"3,3-dimethylmethionine",Methionine.,Amino acid side chain.,Anywhere.,Methylation.,149518.0,nan
N2-acetylarginine,Arginine.,Amino acid backbone.,N-terminal.,Acetylation.,145666.0,AA0354
N2-succinyltryptophan,Tryptophan.,Amino acid backbone.,N-terminal.,nan,nan,AA0130
"N2,N2-dimethylarginine",Arginine.,Amino acid backbone.,N-terminal.,Methylation.,nan,AA0569
"N4,N4-dimethylasparagine",Asparagine.,Amino acid side chain.,Anywhere.,Methylation.,nan,AA0311
N4-methylasparagine,Asparagine.,Amino acid side chain.,Anywhere.,Methylation.,61960.0,AA0070
N4-methyl-D-asparagine,Asparagine.,Amino acid side chain.,Anywhere.,D-amino acid; Methylation.,149514.0,nan
(3R)-N4-methyl-3-hydroxy-D-asparagine,Asparagine.,Amino acid side chain.,Anywhere.,D-amino acid; Hydroxylation; Methylation.,149517.0,nan
N5-4-(S-L-cysteinyl)-5-methyl-1H-imidazol-2-yl-L-ornithine (Arg-Cys) (interchain with C-...),Arginine-Cysteine.,Amino acid side chain-Amino acid side chain.,Protein core-Protein core.,nan,144464.0,nan
N5-4-(S-L-cysteinyl)-5-methyl-1H-imidazol-2-yl-L-ornithine (Cys-Arg) (interchain with R-...),Cysteine-Arginine.,Amino acid side chain-Amino acid side chain.,Protein core-Protein core.,nan,144464.0,nan
N5-methylarginine,Arginine.,Amino acid side chain.,Anywhere.,Methylation.,nan,AA0305
N5-methylglutamine,Glutamine.,Amino acid side chain.,Anywhere.,Methylation.,61891.0,AA0071
"N6-(3,6-diaminohexanoyl)-5-hydroxylysine",Lysine.,Amino acid side chain.,Anywhere.,Hydroxylation.,156054.0,nan
N6-(ADP-ribosyl)lysine,Lysine.,Amino acid side chain.,Anywhere.,ADP-ribosylation.,nan,AA0476
N6-(pyridoxal phosphate)lysine,Lysine.,Amino acid side chain.,Anywhere.,Pyridoxal phosphate.,143915.0,AA0119
N6-(retinylidene)lysine,Lysine.,Amino acid side chain.,Anywhere.,Retinal protein.,149695.0,AA0120
"N6,N6,N6-trimethyl-5-hydroxylysine",Lysine.,Amino acid side chain.,Anywhere.,Hydroxylation; Methylation.,nan,AA0359
"N6,N6,N6-trimethyllysine",Lysine.,Amino acid side chain.,Anywhere.,Methylation.,61961.0,AA0074
"N6,N6-dimethyllysine",Lysine.,Amino acid side chain.,Anywhere.,Methylation.,61976.0,AA0075
N6-1-carboxyethyl lysine,Lysine.,Amino acid side chain.,Anywhere.,nan,156063.0,AA0115
N6-acetyllysine,Lysine.,Amino acid side chain.,Anywhere.,Acetylation.,61930.0,AA0055
N6-acetyl-N6-methyllysine,Lysine.,Amino acid side chain.,Anywhere.,"Acetylation., Methylation.",197459.0,nan
N6-biotinyllysine,Lysine.,Amino acid side chain.,Anywhere.,Biotin.,83144.0,AA0117
N6-carbamoyllysine,Lysine.,Amino acid side chain.,Anywhere.,nan,144369.0,nan
N6-carboxylysine,Lysine.,Amino acid side chain.,Anywhere.,nan,144366.0,AA0114
N6-crotonyllysine,Lysine.,Amino acid side chain.,Anywhere.,nan,137954.0,AA0567
N6-decanoyllysine,Lysine.,Amino acid side chain.,Anywhere.,Lipoprotein.,143222.0,nan
N6-formyllysine,Lysine.,Amino acid side chain.,Anywhere.,Formylation.,156064.0,AA0211
N6-lactoyllysine,Lysine.,Amino acid side chain.,Anywhere.,nan,145324.0,nan
N6-lipoyllysine,Lysine.,Amino acid side chain.,Anywhere.,Lipoyl.,83099.0,AA0118
N6-malonyllysine,Lysine.,Amino acid side chain.,Anywhere.,nan,87831.0,AA0568
N6-methylated lysine,Lysine.,Amino acid side chain.,Anywhere.,Methylation.,nan,nan
N6-methyllysine,Lysine.,Amino acid side chain.,Anywhere.,Methylation.,61929.0,AA0076
N6-murein peptidoglycan lysine,Lysine.,Amino acid side chain.,Anywhere.,Peptidoglycan-anchor.,nan,AA0218
N6-myristoyl lysine,Lysine.,Amino acid side chain.,Anywhere.,Myristate.,141129.0,AA0078
N6-palmitoyl lysine,Lysine.,Amino acid side chain.,Anywhere.,Palmitate.,138936.0,AA0077
N6-poly(methylaminopropyl)lysine,Lysine.,Amino acid side chain.,Anywhere.,Methylation.,nan,AA0278
N6-succinyllysine,Lysine.,Amino acid side chain.,Anywhere.,nan,87830.0,AA0545
N6-glutaryllysine,Lysine.,Amino acid side chain.,Anywhere.,nan,87828.0,nan
N6-butyryllysine,Lysine.,Amino acid side chain.,Anywhere.,nan,137955.0,AA0532
N6-(2-hydroxyisobutyryl)lysine,Lysine.,Amino acid side chain.,Anywhere.,Hydroxylation.,144968.0,nan
N6-(beta-hydroxybutyryl)lysine,Lysine.,Amino acid side chain.,Anywhere.,Hydroxylation.,149490.0,nan
N6-poly(beta-hydroxybutyryl)lysine,Lysine.,Amino acid side chain.,Anywhere.,Hydroxylation.,nan,nan
O3-poly(beta-hydroxybutyryl)serine,Serine.,Amino acid side chain.,Anywhere.,Hydroxylation.,nan,AA0618
S-poly(beta-hydroxybutyryl)cysteine,Cysteine.,Amino acid side chain.,Anywhere.,Hydroxylation.,nan,AA0617
N6-propionyllysine,Lysine.,Amino acid side chain.,Anywhere.,nan,138019.0,AA0475
N-(12R)-12-hydroxymyristoylcysteine,Cysteine.,Amino acid backbone.,N-terminal.,Myristate.,143561.0,AA0516
N-(12-oxomyristoyl)cysteine,Cysteine.,Amino acid backbone.,N-terminal.,Myristate.,143562.0,AA0517
N-acetylalanine,Alanine.,Amino acid backbone.,N-terminal.,Acetylation.,83683.0,AA0041
N-acetylaspartate,Aspartate.,Amino acid backbone.,N-terminal.,Acetylation.,140856.0,AA0042
N-acetylcysteine,Cysteine.,Amino acid backbone.,N-terminal.,Acetylation.,133372.0,AA0043
N-acetylglutamate,Glutamate.,Amino acid backbone.,N-terminal.,Acetylation.,140857.0,AA0044
N-acetylglycine,Glycine.,Amino acid backbone.,N-terminal.,Acetylation.,133369.0,AA0046
N-acetylisoleucine,Isoleucine.,Amino acid backbone.,N-terminal.,Acetylation.,140858.0,AA0047
N-acetylmethionine,Methionine.,Amino acid backbone.,N-terminal.,Acetylation.,133414.0,AA0049
N-acetylproline,Proline.,Amino acid backbone.,N-terminal.,Acetylation.,140859.0,AA0050
N-acetylserine,Serine.,Amino acid backbone.,N-terminal.,Acetylation.,83690.0,AA0051
N-acetylthreonine,Threonine.,Amino acid backbone.,N-terminal.,Acetylation.,133375.0,AA0052
N-acetyltyrosine,Tyrosine.,Amino acid backbone.,N-terminal.,Acetylation.,140860.0,AA0053
N-acetylvaline,Valine.,Amino acid backbone.,N-terminal.,Acetylation.,133371.0,AA0054
N-carbamoylalanine,Alanine.,Amino acid backbone.,N-terminal.,nan,nan,AA0343
S-(2-succinyl)cysteine,Cysteine.,Amino acid side chain.,Anywhere.,nan,143134.0,AA0561
S-carbamoylcysteine,Cysteine.,Amino acid side chain.,Anywhere.,nan,nan,AA0332
S-cyanocysteine,Cysteine.,Amino acid side chain.,Anywhere.,nan,nan,AA0333
"S-(2,3-dicarboxypropyl)cysteine",Cysteine.,Amino acid side chain.,Anywhere.,nan,144095.0,nan
N-D-glucuronoyl glycine,Glycine.,Amino acid backbone.,N-terminal.,Glycoprotein.,nan,AA0058
N-formylglycine,Glycine.,Amino acid backbone.,N-terminal.,Formylation.,nan,AA0057
N-formylmethionine,Methionine.,Amino acid backbone.,N-terminal.,Formylation.,49298.0,AA0021
Nitrated tyrosine,Tyrosine.,Amino acid side chain.,Anywhere.,Nitration.,nan,nan
N-methylalanine,Alanine.,Amino acid backbone.,Anywhere.,Methylation.,nan,AA0061
N-methylaspartate,Aspartate.,Amino acid backbone.,Anywhere.,Methylation.,195202.0,nan
N-methylglycine,Glycine.,Amino acid backbone.,Anywhere.,Methylation.,nan,AA0063
N-methylhistidine,Histidine.,Amino acid backbone.,Anywhere.,Methylation.,195204.0,nan
N-methylisoleucine,Isoleucine.,Amino acid backbone.,Anywhere.,Methylation.,nan,AA0336
N-methylleucine,Leucine.,Amino acid backbone.,Anywhere.,Methylation.,nan,AA0337
N-methylmethionine,Methionine.,Amino acid backbone.,N-terminal.,Methylation.,nan,AA0064
N-methylphenylalanine,Phenylalanine.,Amino acid backbone.,Anywhere.,Methylation.,nan,AA0065
N-methylproline,Proline.,Amino acid backbone.,N-terminal.,Methylation.,nan,AA0419
N-methylserine,Serine.,Amino acid backbone.,Anywhere.,Methylation.,nan,AA0533
N-methylthreonine,Threonine.,Amino acid backbone.,Anywhere.,Methylation.,194547.0,nan
N-methyltyrosine,Tyrosine.,Amino acid backbone.,Anywhere.,Methylation.,nan,AA0338
N-methylvaline,Valine.,Amino acid backbone.,Anywhere.,Methylation.,194546.0,nan
N-myristoyl glycine,Glycine.,Amino acid backbone.,N-terminal.,Myristate.,133050.0,AA0059
N-palmitoyl cysteine,Cysteine.,Amino acid backbone.,N-terminal.,Palmitate.,143147.0,AA0060
N-palmitoyl glycine,Glycine.,Amino acid backbone.,N-terminal.,Palmitate.,143223.0,AA0339
N-pyruvate 2-iminyl-cysteine,Cysteine.,Amino acid backbone.,N-terminal.,Pyruvate.,nan,AA0274
N-pyruvate 2-iminyl-valine,Valine.,Amino acid backbone.,N-terminal.,Pyruvate.,nan,AA0275
O-(2-aminoethylphosphoryl)serine,Serine.,Amino acid side chain.,Anywhere.,Phosphoprotein.,nan,AA0497
O-(2-cholinephosphoryl)serine,Serine.,Amino acid side chain.,Anywhere.,Phosphoprotein.,nan,AA0498
"""O-(5-phospho-DNA)-serine""",Serine.,Amino acid side chain.,Anywhere.,Covalent protein-DNA linkage; Phosphoprotein.,nan,AA0246
"""O-(5-phospho-DNA)-tyrosine""",Tyrosine.,Amino acid side chain.,Anywhere.,Covalent protein-DNA linkage; Phosphoprotein.,nan,AA0254
"""O-(5-phospho-RNA)-serine""",Serine.,Amino acid side chain.,Anywhere.,Covalent protein-RNA linkage; Phosphoprotein.,nan,AA0213
"""O-(5-phospho-RNA)-tyrosine""",Tyrosine.,Amino acid side chain.,Anywhere.,Covalent protein-RNA linkage; Phosphoprotein.,nan,AA0249
"""O-(pantetheine 4-phosphoryl)serine""",Serine.,Amino acid side chain.,Anywhere.,Phosphopantetheine; Phosphoprotein.,64479.0,AA0150
O-(phosphoribosyl dephospho-coenzyme A)serine,Serine.,Amino acid side chain.,Anywhere.,Phosphoprotein.,nan,AA0167
O-(sn-1-glycerophosphoryl)serine,Serine.,Amino acid side chain.,Anywhere.,Phosphoprotein.,nan,AA0264
O-8alpha-FAD tyrosine,Tyrosine.,Amino acid side chain.,Anywhere.,FAD.,nan,AA0145
O-acetylserine,Serine.,Amino acid side chain.,Anywhere.,Acetylation.,141128.0,AA0364
O-acetylthreonine,Threonine.,Amino acid side chain.,Anywhere.,Acetylation.,141025.0,AA0423
O-AMP-serine,Serine.,Amino acid side chain.,Anywhere.,Nucleotide-binding; Phosphoprotein.,142516.0,nan
O-AMP-threonine,Threonine.,Amino acid side chain.,Anywhere.,Nucleotide-binding; Phosphoprotein.,138113.0,AA0267
O-AMP-tyrosine,Tyrosine.,Amino acid side chain.,Anywhere.,Nucleotide-binding; Phosphoprotein.,83624.0,AA0203
O-di-AMP-tyrosine,Tyrosine.,Amino acid side chain.,Anywhere.,Nucleotide-binding; Phosphoprotein.,167160.0,nan
O-tri-AMP-tyrosine,Tyrosine.,Amino acid side chain.,Anywhere.,Nucleotide-binding; Phosphoprotein.,167161.0,nan
O-decanoyl threonine,Threonine.,Amino acid side chain.,Anywhere.,Lipoprotein.,143546.0,AA0387
O-decanoyl serine,Serine.,Amino acid side chain.,Anywhere.,Lipoprotein.,143549.0,AA0385
Omega-hydroxyceramide glutamate ester,Glutamine.,Amino acid side chain.,Anywhere.,Lipoprotein.,nan,AA0347
Omega-N-methylarginine,Arginine.,Amino acid side chain.,Anywhere.,Methylation.,65280.0,AA0069
Omega-N-methylated arginine,Arginine.,Amino acid side chain.,Anywhere.,Methylation.,nan,nan
O-methylthreonine,Threonine.,Amino acid side chain.,Anywhere.,Methylation.,167628.0,AA0464
O-hexanoyl serine,Serine.,Amino acid side chain.,Anywhere.,Lipoprotein.,177289.0,nan
O-octanoyl serine,Serine.,Amino acid side chain.,Anywhere.,Lipoprotein.,143548.0,AA0290
O-octanoyl threonine,Threonine.,Amino acid side chain.,Anywhere.,Lipoprotein.,143547.0,AA0386
O-palmitoyl serine,Serine.,Amino acid side chain.,Anywhere.,Palmitate.,140185.0,AA0080
O-palmitoyl threonine,Threonine.,Amino acid side chain.,Anywhere.,Palmitate.,143621.0,AA0079
O-UMP-histidine,Histidine.,Amino acid side chain.,Anywhere.,Nucleotide-binding; Phosphoprotein.,nan,AA0372
O-UMP-serine,Serine.,Amino acid side chain.,Anywhere.,Nucleotide-binding; Phosphoprotein.,156051.0,nan
O-UMP-threonine,Threonine.,Amino acid side chain.,Anywhere.,Nucleotide-binding; Phosphoprotein.,156052.0,nan
O-UMP-tyrosine,Tyrosine.,Amino acid side chain.,Anywhere.,Nucleotide-binding; Phosphoprotein.,90602.0,AA0256
Oxazole-4-carboxylic acid (Cys-Ser),Cysteine-Serine.,Amino acid backbone-Amino acid backbone.,Protein core-Protein core.,nan,nan,AA0238
Oxazole-4-carboxylic acid (Gly-Ser),Glycine-Serine.,Amino acid backbone-Amino acid backbone.,Protein core-Protein core.,nan,nan,AA0240
Oxazole-4-carboxylic acid (Ile-Ser),Isoleucine-Serine.,Amino acid backbone-Amino acid backbone.,Protein core-Protein core.,nan,nan,AA0573
Oxazole-4-carboxylic acid (Ser-Ser),Serine-Serine.,Amino acid backbone-Amino acid backbone.,Protein core-Protein core.,nan,nan,AA0574
Oxazoline-4-carboxylic acid (Cys-Ser),Cysteine-Serine.,Amino acid backbone-Amino acid backbone.,Protein core-Protein core.,nan,nan,AA0239
Peptide (Met-Gly) (interchain with G-...),Methionine-Glycine.,Amino acid backbone-Amino acid backbone.,N-terminal-C-terminal.,nan,nan,nan
Pentaglycyl murein peptidoglycan amidated alanine,Alanine.,Amino acid backbone.,C-terminal.,Peptidoglycan-anchor.,nan,AA0383
Pentaglycyl murein peptidoglycan amidated threonine,Threonine.,Amino acid backbone.,C-terminal.,Peptidoglycan-anchor.,nan,AA0345
Phenylalanine amide,Phenylalanine.,Amino acid backbone.,C-terminal.,Amidation.,61957.0,AA0094
Phosphatidylethanolamine amidated glycine,Glycine.,Amino acid backbone.,C-terminal.,Lipoprotein.,172941.0,AA0346
Phosphatidylserine amidated glycine,Glycine.,Amino acid backbone.,C-terminal.,Lipoprotein.,172942.0,nan
Phosphoarginine,Arginine.,Amino acid side chain.,Anywhere.,Phosphoprotein.,83226.0,AA0222
Phosphocysteine,Cysteine.,Amino acid side chain.,Anywhere.,Phosphoprotein.,61975.0,AA0034
Phosphohistidine,Histidine.,Amino acid side chain.,Anywhere.,Phosphoprotein.,nan,nan
Phosphoserine,Serine.,Amino acid side chain.,Anywhere.,Phosphoprotein.,83421.0,AA0037
Phosphothreonine,Threonine.,Amino acid side chain.,Anywhere.,Phosphoprotein.,61977.0,AA0038
Phosphotyrosine,Tyrosine.,Amino acid side chain.,Anywhere.,Phosphoprotein.,82620.0,AA0039
PolyADP-ribosyl aspartic acid,Aspartate.,Amino acid side chain.,Anywhere.,ADP-ribosylation.,nan,nan
PolyADP-ribosyl glutamic acid,Glutamate.,Amino acid side chain.,Anywhere.,ADP-ribosylation.,nan,AA0295
Proline 5-hydroxy-oxazole-4-carbothionic acid (Pro-Cys),Proline-Cysteine.,Amino acid backbone-Amino acid backbone.,Protein core-Protein core.,nan,nan,AA0551
Proline amide,Proline.,Amino acid backbone.,C-terminal.,Amidation.,145914.0,AA0095
Pros-8alpha-FAD histidine,Histidine.,Amino acid side chain.,Anywhere.,FAD.,nan,AA0144
Pros-methylhistidine,Histidine.,Amino acid side chain.,Anywhere.,Methylation.,43903.0,AA0073
Pros-phosphohistidine,Histidine.,Amino acid side chain.,Anywhere.,Phosphoprotein.,64837.0,AA0036
"Pyridine-2,5-dicarboxylic acid (Ser-Cys) (with S-...)",Serine-Cysteine-Serine.,Amino acid backbone-Amino acid backbone-Amino acid backbone.,Protein core-Protein core-Protein core.,nan,nan,AA0470
"Pyridine-2,5-dicarboxylic acid (Ser-Ser) (with C-...)",Serine-Serine-Cysteine.,Amino acid backbone-Amino acid backbone-Amino acid backbone.,Protein core-Protein core-Protein core.,nan,nan,AA0470
Pyrrolidone carboxylic acid,Glutamine.,Amino acid backbone.,N-terminal.,Pyrrolidone carboxylic acid.,87215.0,AA0031
Pyrrolidone carboxylic acid (Glu),Glutamate.,Amino acid backbone.,N-terminal.,Pyrrolidone carboxylic acid.,87215.0,AA0031
Pyrroloquinoline quinone (Glu-Tyr),Glutamate-Tyrosine.,Amino acid backbone-Amino acid backbone.,Protein core-Protein core.,nan,nan,AA0283
Pyruvic acid (Cys),Cysteine.,Amino acid backbone.,N-terminal.,Pyruvate.,45360.0,AA0127
Pyruvic acid (Ser),Serine.,Amino acid backbone.,N-terminal.,Pyruvate.,45360.0,AA0127
Pyruvic acid (Tyr),Tyrosine.,Amino acid backbone.,N-terminal.,Pyruvate.,45360.0,AA0127
"S-(15-deoxy-Delta12,14-prostaglandin J2-9-yl)cysteine",Cysteine.,Amino acid side chain.,Anywhere.,Lipoprotein.,143698.0,AA0426
S-(2-aminovinyl)-3-methyl-D-cysteine (Thr-Cys),Threonine-Cysteine.,Amino acid side chain-Amino acid backbone.,Anywhere-C-terminal.,D-amino acid; Thioether bond.,nan,AA0253
S-(2-aminovinyl)-D-cysteine (Cys-Cys),Cysteine-Cysteine.,Amino acid side chain-Amino acid backbone.,Anywhere-C-terminal.,D-amino acid; Thioether bond.,nan,AA0204
S-(2-aminovinyl)-D-cysteine (Ser-Cys),Serine-Cysteine.,Amino acid side chain-Amino acid backbone.,Anywhere-C-terminal.,D-amino acid; Thioether bond.,nan,AA0204
S-(2-aminovinyl)-L-cysteine (Cys-Cys),Cysteine-Cysteine.,Amino acid side chain-Amino acid backbone.,Anywhere-C-terminal.,Thioether bond.,nan,AA0548
S-(4-hydroxycinnamyl)cysteine,Cysteine.,Amino acid side chain.,Anywhere.,Chromophore.,nan,AA0207
S-(coelenterazin-3a-yl)cysteine,Cysteine.,Amino acid side chain.,Anywhere.,nan,nan,nan
S-(dipyrrolylmethanemethyl)cysteine,Cysteine.,Amino acid side chain.,Anywhere.,nan,61892.0,AA0252
S-12-hydroxyfarnesyl cysteine,Cysteine.,Amino acid side chain.,Anywhere.,Prenylation.,143699.0,AA0103
S-4a-FMN cysteine,Cysteine.,Amino acid side chain.,Anywhere.,FMN.,nan,AA0351
S-6-FMN cysteine,Cysteine.,Amino acid side chain.,Anywhere.,FMN.,nan,AA0220
S-8alpha-FAD cysteine,Cysteine.,Amino acid side chain.,Anywhere.,FAD.,nan,AA0143
S-archaeol cysteine,Cysteine.,Amino acid side chain.,N-terminal.,Lipoprotein.,143704.0,AA0223
S-bacillithiol cysteine disulfide,Cysteine.,Amino acid side chain.,Anywhere.,nan,nan,AA0563
S-cGMP-cysteine,Cysteine.,Amino acid side chain.,Anywhere.,nan,144463.0,nan
S-cysteinyl 3-(oxidosulfanyl)alanine (Cys-Cys),Cysteine-Cysteine.,Amino acid side chain-Amino acid side chain.,Anywhere-Anywhere.,Disulfide bond.,nan,AA0457
S-cysteinyl cysteine,Cysteine.,Amino acid side chain.,Anywhere.,nan,nan,AA0025
S-diacylglycerol cysteine,Cysteine.,Amino acid side chain.,N-terminal.,Lipoprotein.,140656.0,AA0107
Serine amide,Serine.,Amino acid backbone.,C-terminal.,Amidation.,145915.0,AA0096
Serine microcin E492 siderophore ester,Serine.,Amino acid backbone.,C-terminal.,nan,nan,AA0374
S-farnesyl cysteine,Cysteine.,Amino acid side chain.,Anywhere.,Prenylation.,86019.0,AA0102
S-geranylgeranyl cysteine,Cysteine.,Amino acid side chain.,Anywhere.,Prenylation.,86021.0,AA0104
S-glutathionyl cysteine,Cysteine.,Amino acid side chain.,Anywhere.,Glutathionylation.,nan,AA0229
L-cysteine coenzyme A disulfide,Cysteine.,Amino acid side chain.,Anywhere.,nan,195328.0,AA0306
S-Lysyl-methionine sulfilimine (Met-Lys) (interchain with K-...),Methionine-Lysine.,Amino acid side chain-Amino acid side chain.,Anywhere-Anywhere.,nan,nan,AA0501
S-Lysyl-methionine sulfilimine (Lys-Met) (interchain with M-...),Lysine-Methionine.,Amino acid side chain-Amino acid side chain.,Anywhere-Anywhere.,nan,nan,AA0501
S-methylcysteine,Cysteine.,Amino acid side chain.,Anywhere.,Methylation.,82612.0,AA0234
S-methylmethionine,Methionine.,Amino acid side chain.,Anywhere.,Methylation.,142742.0,AA0616
S-nitrosocysteine,Cysteine.,Amino acid side chain.,Anywhere.,S-nitrosylation.,149494.0,AA0230
S-palmitoyl cysteine,Cysteine.,Amino acid side chain.,Anywhere.,Palmitate.,74151.0,AA0106
S-selanylcysteine,Cysteine.,Amino acid side chain.,Anywhere.,Selenium.,nan,AA0277
S-stearoyl cysteine,Cysteine.,Amino acid side chain.,Anywhere.,Lipoprotein.,143200.0,AA0407
N6-stearoyl lysine,Lysine.,Amino acid side chain.,Anywhere.,Lipoprotein.,143206.0,nan
Sulfocysteine,Cysteine.,Amino acid side chain.,Anywhere.,Sulfation.,87169.0,AA0171
Sulfoserine,Serine.,Amino acid side chain.,Anywhere.,Sulfation.,nan,AA0361
Sulfothreonine,Threonine.,Amino acid side chain.,Anywhere.,Sulfation.,nan,AA0362
Sulfotyrosine,Tyrosine.,Amino acid side chain.,Anywhere.,Sulfation.,65286.0,AA0172
Symmetric dimethylarginine,Arginine.,Amino acid side chain.,Anywhere.,Methylation.,88221.0,AA0067
"Tele-(1,2,3-trihydroxypropan-2-yl)histidine",Histidine.,Amino acid side chain.,Anywhere.,nan,nan,AA0431
Tele-8alpha-FAD histidine,Histidine.,Amino acid side chain.,Anywhere.,FAD.,nan,AA0221
Tele-8alpha-FMN histidine,Histidine.,Amino acid side chain.,Anywhere.,FMN.,nan,AA0352
Tele-methylhistidine,Histidine.,Amino acid side chain.,Anywhere.,Methylation.,16367.0,AA0317
Tele-phosphohistidine,Histidine.,Amino acid side chain.,Anywhere.,Phosphoprotein.,83586.0,AA0035
Thiazole-4-carboxylic acid (Arg-Cys),Arginine-Cysteine.,Amino acid backbone-Amino acid backbone.,Protein core-Protein core.,Thioether bond.,nan,AA0570
Thiazole-4-carboxylic acid (Asn-Cys),Asparagine-Cysteine.,Amino acid backbone-Amino acid backbone.,Protein core-Protein core.,Thioether bond.,nan,AA0481
Thiazole-4-carboxylic acid (Cys-Cys),Cysteine-Cysteine.,Amino acid backbone-Amino acid backbone.,Protein core-Protein core.,Thioether bond.,nan,AA0244
Thiazole-4-carboxylic acid (Glu-Cys),Glutamate-Cysteine.,Amino acid backbone-Amino acid backbone.,Protein core-Protein core.,Thioether bond.,nan,AA0541
Thiazole-4-carboxylic acid (Gly-Cys),Glycine-Cysteine.,Amino acid backbone-Amino acid backbone.,Protein core-Protein core.,Thioether bond.,nan,AA0241
Thiazole-4-carboxylic acid (Ile-Cys),Isoleucine-Cysteine.,Amino acid backbone-Amino acid backbone.,Protein core-Protein core.,Thioether bond.,nan,AA0466
Thiazole-4-carboxylic acid (Phe-Cys),Phenylalanine-Cysteine.,Amino acid backbone-Amino acid backbone.,Protein core-Protein core.,Thioether bond.,nan,AA0243
Thiazole-4-carboxylic acid (Pro-Cys),Proline-Cysteine.,Amino acid backbone-Amino acid backbone.,Protein core-Protein core.,Thioether bond.,nan,AA0482
Thiazole-4-carboxylic acid (Ser-Cys),Serine-Cysteine.,Amino acid backbone-Amino acid backbone.,Protein core-Protein core.,Thioether bond.,nan,AA0242
Thiazole-4-carboxylic acid (Thr-Cys),Threonine-Cysteine.,Amino acid backbone-Amino acid backbone.,Protein core-Protein core.,Thioether bond.,nan,AA0483
Thiazole-4-carboxylic acid (Val-Cys),Valine-Cysteine.,Amino acid backbone-Amino acid backbone.,Protein core-Protein core.,Thioether bond.,nan,AA0467
Thiazoline-4-carboxylic acid (Phe-Cys),Phenylalanine-Cysteine.,Amino acid backbone-Amino acid backbone.,Protein core-Protein core.,Thioether bond.,nan,AA0484
(4S)-thiazoline-4-carboxylic acid (Thr-Cys),Threonine-Cysteine.,Amino acid backbone-Amino acid backbone.,Protein core-Protein core.,Thioether bond.,nan,AA0485
Thiazolidine linkage to a ring-opened DNA abasic site,Cysteine.,Amino acid side chain.,N-terminal.,Covalent protein-DNA linkage.,145793.0,nan
Threonine 5-hydroxy-oxazole-4-carbonthionic acid (Thr-Cys),Threonine-Cysteine.,Amino acid backbone-Amino acid backbone.,Protein core-Protein core.,nan,nan,AA0554
Threonine amide,Threonine.,Amino acid backbone.,C-terminal.,Amidation.,145916.0,AA0097
Threonyl lysine isopeptide (Lys-Thr) (interchain with T-...),Lysine-Threonine.,Amino acid side chain-Amino acid side chain.,Anywhere-Anywhere.,Isopeptide bond.,nan,AA0440
Threonyl lysine isopeptide (Thr-Lys) (interchain with K-...),Threonine-Lysine.,Amino acid side chain-Amino acid side chain.,Anywhere-Anywhere.,Isopeptide bond.,nan,AA0440
Threonine methyl ester,Threonine.,Amino acid backbone.,C-terminal.,Methylation.,nan,AA0507
Trithiocysteine (Cys-Cys),Cysteine-Cysteine.,Amino acid side chain-Amino acid side chain.,Anywhere-Anywhere.,nan,nan,AA0513
Tryptophan amide,Tryptophan.,Amino acid backbone.,C-terminal.,Amidation.,145917.0,AA0098
Tryptophan derivative,Tryptophan.,nan,nan,nan,nan,nan
Tryptophan tryptophylquinone (Trp-Trp),Tryptophan-Tryptophan.,Amino acid side chain-Amino acid side chain.,Anywhere-Anywhere.,TTQ.,20251.0,AA0149
Tryptophylquinone,Tryptophan.,Amino acid side chain.,Anywhere.,nan,nan,AA0148
Tryptophyl-tyrosyl-methioninium (Trp-Tyr) (with M-...),Tryptophan-Tyrosine-Methionine.,Amino acid side chain-Amino acid side chain-Amino acid side chain.,Anywhere-Anywhere-Anywhere.,nan,nan,AA0348
Tryptophyl-tyrosyl-methioninium (Tyr-Met) (with W-...),Tyrosine-Methionine-Tryptophan.,Amino acid side chain-Amino acid side chain-Amino acid side chain.,Anywhere-Anywhere-Anywhere.,nan,nan,AA0348
Tyrosine amide,Tyrosine.,Amino acid backbone.,C-terminal.,Amidation.,145918.0,AA0099
Valine amide,Valine.,Amino acid backbone.,C-terminal.,Amidation.,145919.0,AA0100
5-glutamyl dopamine,Glutamine.,Amino acid side chain.,Anywhere.,nan,167175.0,nan
5-glutamyl histamine,Glutamine.,Amino acid side chain.,Anywhere.,nan,167179.0,AA0596
5-glutamyl noradrenaline,Glutamine.,Amino acid side chain.,Anywhere.,nan,167178.0,nan
5-glutamyl serotonin,Glutamine.,Amino acid side chain.,Anywhere.,nan,167174.0,AA0528
O-palmitoleoyl serine,Serine.,Amino acid side chain.,Anywhere.,Lipoprotein.,85189.0,AA0455
S-palmitoleoyl cysteine,Cysteine.,Amino acid side chain.,Anywhere.,Lipoprotein.,143203.0,AA0308
C-linked (Man) hydroxytryptophan,Tryptophan.,Amino acid side chain.,Anywhere.,Glycoprotein; Hydroxylation.,nan,AA0506
C-linked (Man) tryptophan,Tryptophan.,Amino acid side chain.,Anywhere.,Glycoprotein.,195646.0,AA0217
N-linked (DATDGlc) asparagine,Asparagine.,Amino acid side chain.,Anywhere.,Glycoprotein.,nan,AA0606
N-linked (Glc) (glycation) arginine,Arginine.,Amino acid side chain.,Anywhere.,Glycation.,nan,nan
N-linked (Glc) (glycation) histidine,Histidine.,Amino acid side chain.,Anywhere.,Glycation.,nan,nan
N-linked (Glc) (glycation) isoleucine,Isoleucine.,Amino acid backbone.,N-terminal.,Glycation.,nan,nan
N-linked (Glc) (glycation) lysine,Lysine.,Amino acid side chain.,Anywhere.,Glycation.,nan,nan
N-linked (Glc) (glycation) valine,Valine.,Amino acid backbone.,N-terminal.,Glycation.,nan,nan
N-linked (Lac) (glycation) lysine,Lysine.,Amino acid side chain.,Anywhere.,Glycation.,nan,nan
N-linked (GalNAc) asparagine,Asparagine.,Amino acid side chain.,Anywhere.,Glycoprotein.,nan,AA0420
N-linked (GalNAc...) asparagine,Asparagine.,Amino acid side chain.,Anywhere.,Glycoprotein.,nan,nan
N-linked (GalNAc...) (glycosaminoglycan) asparagine,Asparagine.,Amino acid side chain.,Anywhere.,Proteoglycan.,nan,nan
N-linked (Glc) arginine,Arginine.,Amino acid side chain.,Anywhere.,Glycoprotein.,nan,AA0327
N-linked (Glc...) arginine,Arginine.,Amino acid side chain.,Anywhere.,Glycoprotein.,nan,nan
N-alpha-linked (Rha) arginine,Arginine.,Amino acid side chain.,Anywhere.,Glycoprotein.,167445.0,nan
N-linked (Glc) asparagine,Asparagine.,Amino acid side chain.,Anywhere.,Glycoprotein.,nan,AA0421
N-linked (Glc...) asparagine,Asparagine.,Amino acid side chain.,Anywhere.,Glycoprotein.,nan,nan
N-beta-linked (GlcNAc) arginine,Arginine.,Amino acid side chain.,Anywhere.,Glycoprotein.,167322.0,AA0609
N-linked (GlcNAc...) arginine,Arginine.,Amino acid side chain.,Anywhere.,Glycoprotein.,nan,nan
N-linked (GlcNAc...) (complex) arginine,Arginine.,Amino acid side chain.,Anywhere.,Glycoprotein.,nan,nan
N-linked (GlcNAc...) (hybrid) arginine,Arginine.,Amino acid side chain.,Anywhere.,Glycoprotein.,nan,nan
N-linked (GlcNAc...) (high mannose) arginine,Arginine.,Amino acid side chain.,Anywhere.,Glycoprotein.,nan,nan
N-linked (GlcNAc...) (paucimannose) arginine,Arginine.,Amino acid side chain.,Anywhere.,Glycoprotein.,nan,nan
N-linked (GlcNAc...) (keratan sulfate) arginine,Arginine.,Amino acid side chain.,Anywhere.,Glycoprotein.,nan,nan
N-linked (GlcNAc...) (polylactosaminoglycan) arginine,Arginine.,Amino acid side chain.,Anywhere.,Glycoprotein.,nan,nan
N-linked (GlcNAc) asparagine,Asparagine.,Amino acid side chain.,Anywhere.,Glycoprotein.,nan,AA0151
N-linked (GlcNAc...) asparagine,Asparagine.,Amino acid side chain.,Anywhere.,Glycoprotein.,nan,nan
N-linked (GlcNAc...) (complex) asparagine,Asparagine.,Amino acid side chain.,Anywhere.,Glycoprotein.,nan,nan
N-linked (GlcNAc...) (hybrid) asparagine,Asparagine.,Amino acid side chain.,Anywhere.,Glycoprotein.,nan,nan
N-linked (GlcNAc...) (high mannose) asparagine,Asparagine.,Amino acid side chain.,Anywhere.,Glycoprotein.,nan,nan
N-linked (GlcNAc...) (paucimannose) asparagine,Asparagine.,Amino acid side chain.,Anywhere.,Glycoprotein.,nan,nan
N-linked (GlcNAc...) (keratan sulfate) asparagine,Asparagine.,Amino acid side chain.,Anywhere.,Glycoprotein.,nan,nan
N-linked (GlcNAc...) (polylactosaminoglycan) asparagine,Asparagine.,Amino acid side chain.,Anywhere.,Glycoprotein.,nan,nan
N-linked (Man) tryptophan,Tryptophan.,Amino acid side chain.,Anywhere.,Glycoprotein.,nan,AA0156
N-linked (Hex) arginine,Arginine.,Amino acid side chain.,Anywhere.,Glycoprotein.,nan,nan
N-linked (Hex...) arginine,Arginine.,Amino acid side chain.,Anywhere.,Glycoprotein.,nan,nan
N-linked (HexNAc) arginine,Arginine.,Amino acid side chain.,Anywhere.,Glycoprotein.,nan,nan
N-linked (HexNAc...) arginine,Arginine.,Amino acid side chain.,Anywhere.,Glycoprotein.,nan,nan
N-linked (Hex) asparagine,Asparagine.,Amino acid side chain.,Anywhere.,Glycoprotein.,nan,nan
N-linked (Hex...) asparagine,Asparagine.,Amino acid side chain.,Anywhere.,Glycoprotein.,nan,nan
N-linked (HexNAc) asparagine,Asparagine.,Amino acid side chain.,Anywhere.,Glycoprotein.,nan,nan
N-linked (HexNAc...) asparagine,Asparagine.,Amino acid side chain.,Anywhere.,Glycoprotein.,nan,nan
N-linked (Hex) tryptophan,Tryptophan.,Amino acid side chain.,Anywhere.,Glycoprotein.,nan,AA0156
O-linked (Ara) hydroxyproline,Proline.,Amino acid side chain.,Anywhere.,Glycoprotein; Hydroxylation.,nan,AA0212
O-linked (Ara...) hydroxyproline,Proline.,Amino acid side chain.,Anywhere.,Glycoprotein; Hydroxylation.,nan,nan
O-linked (DADDGlc) serine,Serine.,Amino acid side chain.,Anywhere.,Glycoprotein.,nan,AA0499
O-linked (DATDGlc) serine,Serine.,Amino acid side chain.,Anywhere.,Glycoprotein.,nan,AA0607
O-linked (GATDGlc) serine,Serine.,Amino acid side chain.,Anywhere.,Glycoprotein.,nan,AA0608
O-linked (Fuc) serine,Serine.,Amino acid side chain.,Anywhere.,Glycoprotein.,nan,AA0404
O-linked (Fuc...) serine,Serine.,Amino acid side chain.,Anywhere.,Glycoprotein.,nan,nan
O-linked (Fuc) threonine,Threonine.,Amino acid side chain.,Anywhere.,Glycoprotein.,nan,AA0405
O-linked (Fuc...) threonine,Threonine.,Amino acid side chain.,Anywhere.,Glycoprotein.,nan,nan
O-linked (FucNAc) serine,Serine.,Amino acid side chain.,Anywhere.,Glycoprotein.,nan,AA0422
O-linked (FucNAc...) serine,Serine.,Amino acid side chain.,Anywhere.,Glycoprotein.,nan,nan
O-linked (Gal) hydroxylysine,Lysine.,Amino acid side chain.,Anywhere.,Glycoprotein; Hydroxylation.,nan,nan
O-linked (Gal...) hydroxylysine,Lysine.,Amino acid side chain.,Anywhere.,Glycoprotein; Hydroxylation.,nan,nan
O-linked (Gal) hydroxyproline,Proline.,Amino acid side chain.,Anywhere.,Glycoprotein; Hydroxylation.,nan,AA0389
O-linked (Gal...) hydroxyproline,Proline.,Amino acid side chain.,Anywhere.,Glycoprotein; Hydroxylation.,nan,nan
O-linked (Gal) serine,Serine.,Amino acid side chain.,Anywhere.,Glycoprotein.,nan,AA0400
O-linked (Gal...) serine,Serine.,Amino acid side chain.,Anywhere.,Glycoprotein.,nan,nan
O-linked (Gal) threonine,Threonine.,Amino acid side chain.,Anywhere.,Glycoprotein.,nan,AA0401
O-linked (Gal...) threonine,Threonine.,Amino acid side chain.,Anywhere.,Glycoprotein.,nan,nan
O-linked (GalNAc) serine,Serine.,Amino acid side chain.,Anywhere.,Glycoprotein.,53604.0,AA0154
O-linked (GalNAc...) serine,Serine.,Amino acid side chain.,Anywhere.,Glycoprotein.,nan,nan
O-linked (GalNAc...) (keratan sulfate) serine,Serine.,Amino acid side chain.,Anywhere.,Proteoglycan.,nan,nan
O-linked (GalNAc) threonine,Threonine.,Amino acid side chain.,Anywhere.,Glycoprotein.,87075.0,AA0155
O-linked (GalNAc...) threonine,Threonine.,Amino acid side chain.,Anywhere.,Glycoprotein.,nan,nan
O-linked (GalNAc...) (keratan sulfate) threonine,Threonine.,Amino acid side chain.,Anywhere.,Proteoglycan.,nan,nan
O-linked (GalNAc) tyrosine,Tyrosine.,Amino acid side chain.,Anywhere.,Glycoprotein.,nan,AA0577
O-linked (GalNAc...) tyrosine,Tyrosine.,Amino acid side chain.,Anywhere.,Glycoprotein.,nan,nan
O-linked (Glc) hydroxylysine,Lysine.,Amino acid side chain.,Anywhere.,Glycoprotein; Hydroxylation.,nan,AA0589
O-linked (Glc) serine,Serine.,Amino acid side chain.,Anywhere.,Glycoprotein.,nan,AA0397
O-linked (Glc...) serine,Serine.,Amino acid side chain.,Anywhere.,Glycoprotein.,nan,nan
O-linked (Glc) threonine,Threonine.,Amino acid side chain.,Anywhere.,Glycoprotein.,nan,nan
O-linked (Glc) tyrosine,Tyrosine.,Amino acid side chain.,Anywhere.,Glycoprotein.,nan,AA0157
O-linked (Glc...) tyrosine,Tyrosine.,Amino acid side chain.,Anywhere.,Glycoprotein.,nan,nan
O-linked (GlcA) serine,Serine.,Amino acid side chain.,Anywhere.,Glycoprotein.,nan,AA0291
O-linked (GlcNAc) hydroxyproline,Proline.,Amino acid side chain.,Anywhere.,Glycoprotein; Hydroxylation.,nan,AA0390
O-linked (GlcNAc...) hydroxyproline,Proline.,Amino acid side chain.,Anywhere.,Glycoprotein; Hydroxylation.,nan,nan
O-linked (GlcNAc) serine,Serine.,Amino acid side chain.,Anywhere.,Glycoprotein.,90838.0,AA0398
O-linked (GlcNAc...) serine,Serine.,Amino acid side chain.,Anywhere.,Glycoprotein.,nan,nan
O-alpha-linked (GlcNAc) threonine,Threonine.,Amino acid side chain.,Anywhere.,Glycoprotein.,nan,nan
O-linked (GlcNAc) threonine,Threonine.,Amino acid side chain.,Anywhere.,Glycoprotein.,90840.0,AA0399
O-linked (GlcNAc...) threonine,Threonine.,Amino acid side chain.,Anywhere.,Glycoprotein.,nan,nan
O-linked (GlcNAc) tyrosine,Tyrosine.,Amino acid side chain.,Anywhere.,Glycoprotein.,nan,nan
O-linked (GlcNAc...) tyrosine,Tyrosine.,Amino acid side chain.,Anywhere.,Glycoprotein.,nan,nan
O-linked (GlcNAc1P) serine,Serine.,Amino acid side chain.,Anywhere.,Glycoprotein; Phosphoprotein.,nan,AA0296
O-linked (GlcNAc6P) serine,Serine.,Amino acid side chain.,Anywhere.,Glycoprotein; Phosphoprotein.,nan,nan
O-alpha-linked (D-glycero-D-manno-heptose) serine,Serine.,Amino acid side chain.,Anywhere.,Glycoprotein.,194481.0,nan
O-alpha-linked (glycero-D-manno-heptose) serine,Serine.,Amino acid side chain.,Anywhere.,Glycoprotein.,194496.0,nan
O-alpha-linked (glycero-D-manno-heptose) threonine,Threonine.,Amino acid side chain.,Anywhere.,Glycoprotein.,194497.0,nan
O-linked (Man) serine,Serine.,Amino acid side chain.,Anywhere.,Glycoprotein.,nan,AA0402
O-linked (Man...) serine,Serine.,Amino acid side chain.,Anywhere.,Glycoprotein.,nan,nan
O-linked (Man...) (keratan sulfate) serine,Serine.,Amino acid side chain.,Anywhere.,Proteoglycan.,nan,nan
O-linked (Man) threonine,Threonine.,Amino acid side chain.,Anywhere.,Glycoprotein.,nan,AA0403
O-linked (Man...) threonine,Threonine.,Amino acid side chain.,Anywhere.,Glycoprotein.,nan,nan
O-linked (Man...) (keratan sulfate) threonine,Threonine.,Amino acid side chain.,Anywhere.,Proteoglycan.,nan,nan
O-linked (Man1P) serine,Serine.,Amino acid side chain.,Anywhere.,Glycoprotein; Phosphoprotein.,nan,AA0297
O-linked (Man1P...) serine,Serine.,Amino acid side chain.,Anywhere.,Glycoprotein; Phosphoprotein.,nan,nan
O-linked (Man6P) threonine,Threonine.,Amino acid side chain.,Anywhere.,Glycoprotein; Phosphoprotein.,nan,AA0514
O-linked (Man6P...) threonine,Threonine.,Amino acid side chain.,Anywhere.,Glycoprotein; Phosphoprotein.,nan,nan
O-linked (Xyl) serine,Serine.,Amino acid side chain.,Anywhere.,Glycoprotein.,nan,AA0406
O-linked (Xyl...) serine,Serine.,Amino acid side chain.,Anywhere.,Glycoprotein.,nan,nan
O-linked (Xyl...) (chondroitin sulfate) serine,Serine.,Amino acid side chain.,Anywhere.,Proteoglycan.,nan,AA0208
O-linked (Xyl...) (dermatan sulfate) serine,Serine.,Amino acid side chain.,Anywhere.,Proteoglycan.,nan,AA0209
O-linked (Xyl...) (heparan sulfate) serine,Serine.,Amino acid side chain.,Anywhere.,Proteoglycan.,nan,AA0210
O-linked (Xyl...) (glycosaminoglycan) serine,Serine.,Amino acid side chain.,Anywhere.,Proteoglycan.,nan,nan
O-linked (Xyl...) (keratan sulfate) threonine,Threonine.,Amino acid side chain.,Anywhere.,Proteoglycan.,nan,AA0247
O-linked (Xyl...) (glycosaminoglycan) threonine,Threonine.,Amino acid side chain.,Anywhere.,Proteoglycan.,nan,nan
O-linked (Hex) hydroxylysine,Lysine.,Amino acid side chain.,Anywhere.,Glycoprotein; Hydroxylation.,nan,nan
O-linked (Hex...) hydroxylysine,Lysine.,Amino acid side chain.,Anywhere.,Glycoprotein; Hydroxylation.,nan,nan
O-linked (Hex) hydroxyproline,Proline.,Amino acid side chain.,Anywhere.,Glycoprotein; Hydroxylation.,nan,nan
O-linked (Hex...) hydroxyproline,Proline.,Amino acid side chain.,Anywhere.,Glycoprotein; Hydroxylation.,nan,nan
O-linked (Hex) serine,Serine.,Amino acid side chain.,Anywhere.,Glycoprotein.,nan,nan
O-linked (Hex...) serine,Serine.,Amino acid side chain.,Anywhere.,Glycoprotein.,nan,nan
O-linked (Hex) threonine,Threonine.,Amino acid side chain.,Anywhere.,Glycoprotein.,nan,nan
O-linked (Hex...) threonine,Threonine.,Amino acid side chain.,Anywhere.,Glycoprotein.,nan,nan
O-linked (Hex) tyrosine,Tyrosine.,Amino acid side chain.,Anywhere.,Glycoprotein.,nan,nan
O-linked (Hex...) tyrosine,Tyrosine.,Amino acid side chain.,Anywhere.,Glycoprotein.,nan,nan
O-linked (HexNAc) hydroxyproline,Proline.,Amino acid side chain.,Anywhere.,Glycoprotein; Hydroxylation.,nan,nan
O-linked (HexNAc...) hydroxyproline,Proline.,Amino acid side chain.,Anywhere.,Glycoprotein; Hydroxylation.,nan,nan
O-linked (HexNAc) serine,Serine.,Amino acid side chain.,Anywhere.,Glycoprotein.,nan,nan
O-linked (HexNAc...) serine,Serine.,Amino acid side chain.,Anywhere.,Glycoprotein.,nan,nan
O-linked (HexNAc) threonine,Threonine.,Amino acid side chain.,Anywhere.,Glycoprotein.,nan,nan
O-linked (HexNAc...) threonine,Threonine.,Amino acid side chain.,Anywhere.,Glycoprotein.,nan,nan
O-linked (HexNAc) tyrosine,Tyrosine.,Amino acid side chain.,Anywhere.,Glycoprotein.,nan,nan
O-linked (HexNAc...) tyrosine,Tyrosine.,Amino acid side chain.,Anywhere.,Glycoprotein.,nan,nan
S-linked (Gal) cysteine,Cysteine.,Amino acid side chain.,Anywhere.,Glycoprotein.,nan,AA0392
S-linked (Gal...) cysteine,Cysteine.,Amino acid side chain.,Anywhere.,Glycoprotein.,nan,nan
S-linked (Glc) cysteine,Cysteine.,Amino acid side chain.,Anywhere.,Glycoprotein.,nan,AA0152
S-linked (Glc...) cysteine,Cysteine.,Amino acid side chain.,Anywhere.,Glycoprotein.,nan,nan
S-linked (GlcNAc) cysteine,Cysteine.,Amino acid side chain.,Anywhere.,Glycoprotein.,nan,AA0560
S-linked (GlcNAc...) cysteine,Cysteine.,Amino acid side chain.,Anywhere.,Glycoprotein.,nan,nan
S-linked (Hex) cysteine,Cysteine.,Amino acid side chain.,Anywhere.,Glycoprotein.,nan,nan
S-linked (Hex...) cysteine,Cysteine.,Amino acid side chain.,Anywhere.,Glycoprotein.,nan,nan
S-linked (HexNAc) cysteine,Cysteine.,Amino acid side chain.,Anywhere.,Glycoprotein.,nan,nan
S-linked (HexNAc...) cysteine,Cysteine.,Amino acid side chain.,Anywhere.,Glycoprotein.,nan,nan
